,I1_low_value,I2_low_value,Vgrid,Igrid,local_vgrid,local_igrid,duty_cycle,duty_cycle_1,duty_cycle_2,Vdc,Vd_ref,Vd_in,Vq_in,Id_in,Vd_out,omega,state
0,-2.2580666542053223,2.6075048446655273,-14.349882125854492,-2.2580666542053223,11.154267311096191,1.115426778793335,0.1871497631072998,0.1871497631072998,0.8128502368927002,29.779130935668945,12.0,11.830584526062012,-3.221569776535034,1.742783784866333,42.0,314.1592712402344,1.0
1,-2.4908392429351807,2.8450732231140137,-15.885978698730469,-2.4908392429351807,11.009739875793457,1.1009739637374878,0.1647408902645111,0.1647408902645111,0.8352590799331665,29.77916145324707,12.0,11.83286190032959,-3.5489754676818848,1.7431265115737915,42.0,314.1592712402344,1.0
2,-2.66884183883667,3.045686721801758,-17.382564544677734,-2.66884183883667,10.85448932647705,1.085448980331421,0.14265567064285278,0.14265567064285278,0.8573443293571472,29.779430389404297,12.0,11.835206031799316,-3.8627641201019287,1.743472933769226,42.0,314.1592712402344,1.0
3,-2.760125160217285,3.077362537384033,-18.874807357788086,-2.760125160217285,10.688299179077148,1.068829894065857,0.12117230892181396,0.12117230892181396,0.878827691078186,29.779430389404297,12.0,11.837613105773926,-4.185917854309082,1.7438105344772339,42.0,314.1592712402344,1.0
4,-3.070488691329956,3.346606731414795,-19.960107803344727,-3.070488691329956,10.511871337890625,1.0511871576309204,0.09961116313934326,0.10000000149011612,0.8999999761581421,29.779460906982422,12.0,11.840024948120117,-4.208872318267822,1.744170904159546,42.0,314.1592712402344,1.0
5,-3.2302348613739014,3.457472085952759,-20.409717559814453,-3.2302348613739014,10.324700355529785,1.0324699878692627,0.07853958010673523,0.10000000149011612,0.8999999761581421,29.77937126159668,12.0,11.842354774475098,-3.7273848056793213,1.7445322275161743,42.0,314.1592712402344,1.0
6,-3.0294113159179688,3.3782825469970703,-21.178951263427734,-3.0294113159179688,10.127622604370117,1.0127623081207275,0.05927017331123352,0.10000000149011612,0.8999999761581421,29.779401779174805,12.0,11.844653129577637,-3.5308897495269775,1.7448461055755615,42.0,314.1592712402344,1.0
7,-2.9883337020874023,3.2726964950561523,-21.269031524658203,-2.9883337020874023,9.920376777648926,0.9920376539230347,0.0411565899848938,0.10000000149011612,0.8999999761581421,29.779342651367188,12.0,11.846835136413574,-2.7407186031341553,1.745137333869934,42.0,314.1592712402344,1.0
8,-3.1070022583007812,3.341327428817749,-21.313674926757812,-3.1070022583007812,9.703432083129883,0.9703432321548462,0.02357366681098938,0.10000000149011612,0.8999999761581421,29.779342651367188,12.0,11.848905563354492,-1.928239107131958,1.7454283237457275,42.0,314.1592712402344,1.0
9,-3.152643918991089,3.346606731414795,-20.8166561126709,-3.152643918991089,9.476920127868652,0.9476920366287231,0.00683179497718811,0.10000000149011612,0.8999999761581421,29.77928352355957,12.0,11.85080623626709,-0.6112784743309021,1.7457102537155151,42.0,314.1592712402344,1.0
10,-3.138951301574707,3.3624446392059326,-21.08768653869629,-3.138951301574707,9.240970611572266,0.9240970611572266,-0.008905231952667236,0.10000000149011612,0.8999999761581421,29.779253005981445,12.0,11.852645874023438,-0.107760488986969,1.7459768056869507,42.0,314.1592712402344,1.0
11,-3.0111546516418457,3.3730032444000244,-21.404150009155273,-3.0111546516418457,8.996076583862305,0.8996076583862305,-0.023217439651489258,0.10000000149011612,0.8999999761581421,29.779253005981445,12.0,11.854436874389648,0.3210109770298004,1.7462159395217896,42.0,314.1592712402344,1.0
12,-3.0431036949157715,3.2674171924591064,-20.67877197265625,-3.0431036949157715,8.74206256866455,0.8742062449455261,-0.036809682846069336,0.10000000149011612,0.8999999761581421,29.779163360595703,12.0,11.856064796447754,1.8572208881378174,1.7464485168457031,42.0,314.1592712402344,1.0
13,-3.0796170234680176,3.3730032444000244,-21.27021598815918,-3.0796170234680176,8.47967529296875,0.8479675054550171,-0.04974848031997681,0.10000000149011612,0.8999999761581421,29.77907371520996,12.0,11.857691764831543,1.8595298528671265,1.7466760873794556,42.0,314.1592712402344,1.0
14,-3.052232027053833,3.3730032444000244,-20.771221160888672,-3.052232027053833,8.208671569824219,0.8208671808242798,-0.061790287494659424,0.10000000149011612,0.8999999761581421,29.779132843017578,12.0,11.859201431274414,3.103346347808838,1.7468923330307007,42.0,314.1592712402344,1.0
15,-3.102437973022461,3.3624446392059326,-21.268239974975586,-3.102437973022461,7.929743766784668,0.7929743528366089,-0.07331949472427368,0.10000000149011612,0.8999999761581421,29.779163360595703,12.0,11.860711097717285,3.1044328212738037,1.7471065521240234,42.0,314.1592712402344,1.0
16,-3.0567963123321533,3.3730032444000244,-21.36069107055664,-3.0567963123321533,7.642900466918945,0.7642900347709656,-0.08398079872131348,0.10000000149011612,0.8999999761581421,29.779014587402344,12.0,11.862181663513184,3.574864149093628,1.747309684753418,42.0,314.1592712402344,1.0
17,-3.0385396480560303,3.3096516132354736,-21.089265823364258,-3.0385396480560303,7.348541259765625,0.7348541021347046,-0.09392976760864258,0.10000000149011612,0.8999999761581421,29.77898406982422,12.0,11.8635835647583,4.4629645347595215,1.7475056648254395,42.0,314.1592712402344,1.0
18,-3.070488691329956,3.394120454788208,-20.58829689025879,-3.070488691329956,7.046978950500488,0.7046979069709778,-0.10338366031646729,0.10000000149011612,0.8999999761581421,29.778953552246094,12.0,11.864903450012207,5.593359470367432,1.7477000951766968,42.0,314.1592712402344,1.0
19,-3.0933096408843994,3.388841152191162,-20.949405670166016,-3.0933096408843994,6.738356590270996,0.6738356351852417,-0.1123877763748169,0.10000000149011612,0.8999999761581421,29.778953552246094,12.0,11.866228103637695,5.525970935821533,1.7478926181793213,42.0,314.1592712402344,1.0
20,-3.015718698501587,3.3730032444000244,-21.313674926757812,-3.015718698501587,6.423252582550049,0.6423252820968628,-0.12058329582214355,0.10000000149011612,0.8999999761581421,29.77892303466797,12.0,11.867559432983398,5.424530506134033,1.748075246810913,42.0,314.1592712402344,1.0
21,-2.997462034225464,3.383561849594116,-20.679561614990234,-2.997462034225464,6.101596832275391,0.610159695148468,-0.12825453281402588,0.10000000149011612,0.8999999761581421,29.779041290283203,12.0,11.868816375732422,6.6618428230285645,1.7482538223266602,42.0,314.1592712402344,1.0
22,-3.0385396480560303,3.441634178161621,-20.90555191040039,-3.0385396480560303,5.774099826812744,0.5774099826812744,-0.13564085960388184,0.10000000149011612,0.8999999761581421,29.779010772705078,12.0,11.870075225830078,6.625431537628174,1.7484337091445923,42.0,314.1592712402344,1.0
23,-3.0431036949157715,3.383561849594116,-20.77082633972168,-3.0431036949157715,5.440767765045166,0.5440768003463745,-0.14263463020324707,0.10000000149011612,0.8999999761581421,29.779129028320312,12.0,11.871312141418457,7.06744909286499,1.748612403869629,42.0,314.1592712402344,1.0
24,-3.1070022583007812,3.446913480758667,-21.177370071411133,-3.1070022583007812,5.1021528244018555,0.5102152824401855,-0.14943909645080566,0.10000000149011612,0.8999999761581421,29.77918815612793,12.0,11.872567176818848,6.679163932800293,1.7487943172454834,42.0,314.1592712402344,1.0
25,-3.0065903663635254,3.3782825469970703,-20.906341552734375,-3.0065903663635254,4.758476257324219,0.47584763169288635,-0.15556436777114868,0.10000000149011612,0.8999999761581421,29.779129028320312,12.0,11.873796463012695,7.258779048919678,1.7489689588546753,42.0,314.1592712402344,1.0
26,-3.065924644470215,3.351886034011841,-20.725786209106445,-3.065924644470215,4.410091400146484,0.44100913405418396,-0.16152572631835938,0.10000000149011612,0.8999999761581421,29.778980255126953,12.0,11.87501049041748,7.646440029144287,1.7491466999053955,42.0,314.1592712402344,1.0
27,-3.1115663051605225,3.399399757385254,-21.268634796142578,-3.1115663051605225,4.057408809661865,0.405740886926651,-0.1672513484954834,0.10000000149011612,0.8999999761581421,29.77889060974121,12.0,11.876252174377441,6.89849853515625,1.749326467514038,42.0,314.1592712402344,1.0
28,-3.0294113159179688,3.2621378898620605,-21.17697525024414,-3.0294113159179688,3.7006359100341797,0.3700636029243469,-0.1724635362625122,0.10000000149011612,0.8999999761581421,29.778770446777344,12.0,11.877486228942871,7.103057384490967,1.7495020627975464,42.0,314.1592712402344,1.0
29,-3.088745594024658,3.383561849594116,-21.223594665527344,-3.088745594024658,3.3403186798095703,0.334031879901886,-0.17746341228485107,0.10000000149011612,0.8999999761581421,29.77880096435547,12.0,11.878721237182617,7.049813747406006,1.749680519104004,42.0,314.1592712402344,1.0
30,-3.0978739261627197,3.3730032444000244,-21.087291717529297,-3.0978739261627197,2.9765875339508057,0.2976587414741516,-0.18216818571090698,0.10000000149011612,0.8999999761581421,29.77859115600586,12.0,11.879951477050781,7.2425456047058105,1.7498594522476196,42.0,314.1592712402344,1.0
31,-3.0385396480560303,3.3571653366088867,-21.17816162109375,-3.0385396480560303,2.6100029945373535,0.26100030541419983,-0.18644016981124878,0.10000000149011612,0.8999999761581421,29.778411865234375,12.0,11.881186485290527,7.035348892211914,1.750036597251892,42.0,314.1592712402344,1.0
32,-3.0111546516418457,3.4627513885498047,-21.270610809326172,-3.0111546516418457,2.2407941818237305,0.2240794152021408,-0.19037681818008423,0.10000000149011612,0.8999999761581421,29.77838134765625,12.0,11.882426261901855,6.795863151550293,1.750213384628296,42.0,314.1592712402344,1.0
33,-3.1070022583007812,3.3782825469970703,-20.679956436157227,-3.1070022583007812,1.8693993091583252,0.18693992495536804,-0.19410520792007446,0.10000000149011612,0.8999999761581421,29.778261184692383,12.0,11.883652687072754,7.601911544799805,1.750393033027649,42.0,314.1592712402344,1.0
34,-3.0248470306396484,3.336048126220703,-20.90752601623535,-3.0248470306396484,1.4961591958999634,0.14961591362953186,-0.19740432500839233,0.10000000149011612,0.8999999761581421,29.778230667114258,12.0,11.884886741638184,7.040403366088867,1.7505712509155273,42.0,314.1592712402344,1.0
35,-3.0613603591918945,3.283255100250244,-20.451202392578125,-3.0613603591918945,1.1214312314987183,0.1121431216597557,-0.2004038691520691,0.10000000149011612,0.8999999761581421,29.7780818939209,12.0,11.886116027832031,7.5497145652771,1.7507503032684326,42.0,314.1592712402344,1.0
36,-3.120694637298584,3.441634178161621,-20.814682006835938,-3.120694637298584,0.7456146478652954,0.0745614618062973,-0.20302927494049072,0.10000000149011612,0.8999999761581421,29.7780818939209,12.0,11.887349128723145,6.6937031745910645,1.7509301900863647,42.0,314.1592712402344,1.0
37,-3.084181308746338,3.2674171924591064,-21.177764892578125,-3.084181308746338,0.36904075741767883,0.036904074251651764,-0.20526105165481567,0.10000000149011612,0.8999999761581421,29.77787208557129,12.0,11.888585090637207,5.841063499450684,1.7511100769042969,42.0,314.1592712402344,1.0
38,-3.088745594024658,3.3254895210266113,-20.995630264282227,-3.088745594024658,-0.007882427424192429,-0.0007882427307777107,-0.20704364776611328,0.10000000149011612,0.8999999761581421,29.777841567993164,12.0,11.88982105255127,5.8594441413879395,1.751289963722229,42.0,314.1592712402344,1.0
39,-3.0978739261627197,3.4099583625793457,-20.952960968017578,-3.0978739261627197,-0.38480520248413086,-0.038480520248413086,-0.20838463306427002,0.10000000149011612,0.8999999761581421,29.777931213378906,12.0,11.891056060791016,5.617197036743164,1.751469612121582,42.0,314.1592712402344,1.0
40,-3.0567963123321533,3.4152376651763916,-21.04027557373047,-3.0567963123321533,-0.7613483667373657,-0.07613483816385269,-0.209276020526886,0.10000000149011612,0.8999999761581421,29.777721405029297,12.0,11.892288208007812,5.143095016479492,1.7516493797302246,42.0,314.1592712402344,1.0
41,-2.9609487056732178,3.4785892963409424,-21.314069747924805,-2.9609487056732178,-1.137134075164795,-0.11371340602636337,-0.2097707986831665,0.10000000149011612,0.8999999761581421,29.777664184570312,12.0,11.893512725830078,4.360790729522705,1.751829981803894,42.0,314.1592712402344,1.0
42,-3.0065903663635254,3.351886034011841,-21.223594665527344,-3.0065903663635254,-1.5117981433868408,-0.15117982029914856,-0.2097318172454834,0.10000000149011612,0.8999999761581421,29.777755737304688,12.0,11.894735336303711,4.158204078674316,1.7520087957382202,42.0,314.1592712402344,1.0
43,-3.03397536277771,3.394120454788208,-21.044620513916016,-3.03397536277771,-1.8849838972091675,-0.188498392701149,-0.2091187834739685,0.10000000149011612,0.8999999761581421,29.77754783630371,12.0,11.895956039428711,4.069202423095703,1.7521859407424927,42.0,314.1592712402344,1.0
44,-3.084181308746338,3.2779757976531982,-21.08768653869629,-3.084181308746338,-2.256279230117798,-0.22562792897224426,-0.20785635709762573,0.10000000149011612,0.8999999761581421,29.777490615844727,12.0,11.897167205810547,3.6024010181427,1.7523603439331055,42.0,314.1592712402344,1.0
45,-3.052232027053833,3.4205169677734375,-21.17697525024414,-3.052232027053833,-2.6254079341888428,-0.2625407874584198,-0.20600217580795288,0.10000000149011612,0.8999999761581421,29.777462005615234,12.0,11.89836597442627,3.0547258853912354,1.7525345087051392,42.0,314.1592712402344,1.0
46,-3.0613603591918945,3.3677239418029785,-21.179346084594727,-3.0613603591918945,-2.99185848236084,-0.2991858422756195,-0.2034999132156372,0.10000000149011612,0.8999999761581421,29.777433395385742,12.0,11.899554252624512,2.6376287937164307,1.7527066469192505,42.0,314.1592712402344,1.0
47,-3.0294113159179688,3.3624446392059326,-21.133121490478516,-3.0294113159179688,-3.3554415702819824,-0.3355441689491272,-0.20037531852722168,0.10000000149011612,0.8999999761581421,29.77740478515625,12.0,11.900732040405273,2.284952163696289,1.752878189086914,42.0,314.1592712402344,1.0
48,-3.047667980194092,3.341327428817749,-21.1339111328125,-3.047667980194092,-3.715641975402832,-0.37156420946121216,-0.19650912284851074,0.10000000149011612,0.8999999761581421,29.777406692504883,12.0,11.901895523071289,1.848989486694336,1.7530465126037598,42.0,314.1592712402344,1.0
49,-3.1298229694366455,3.394120454788208,-21.041065216064453,-3.1298229694366455,-4.072223663330078,-0.40722236037254333,-0.19167447090148926,0.10000000149011612,0.8999999761581421,29.777318954467773,12.0,11.903047561645508,1.5469235181808472,1.753208041191101,42.0,314.1592712402344,1.0
50,-3.0065903663635254,3.5102651119232178,-21.131935119628906,-3.0065903663635254,-4.424768447875977,-0.4424768388271332,-0.1864045262336731,0.10000000149011612,0.8999999761581421,29.77741050720215,12.0,11.904176712036133,0.9600263833999634,1.7533743381500244,42.0,314.1592712402344,1.0
51,-3.03397536277771,3.346606731414795,-20.723812103271484,-3.03397536277771,-4.772932052612305,-0.4772931933403015,-0.1802878975868225,0.10000000149011612,0.8999999761581421,29.77732276916504,12.0,11.905312538146973,1.10755455493927,1.7535357475280762,42.0,314.1592712402344,1.0
52,-3.102437973022461,3.3254895210266113,-20.862091064453125,-3.102437973022461,-5.116449356079102,-0.5116449594497681,-0.1731085181236267,0.10000000149011612,0.8999999761581421,29.777204513549805,12.0,11.906414985656738,0.42951300740242004,1.753689169883728,42.0,314.1592712402344,1.0
53,-3.0294113159179688,3.3096516132354736,-20.769641876220703,-3.0294113159179688,-5.454809665679932,-0.5454809665679932,-0.16534584760665894,0.10000000149011612,0.8999999761581421,29.77708625793457,12.0,11.907500267028809,0.09310878068208694,1.7538446187973022,42.0,314.1592712402344,1.0
54,-3.052232027053833,3.4205169677734375,-21.4495849609375,-3.052232027053833,-5.787947654724121,-0.5787947773933411,-0.1565890908241272,0.10000000149011612,0.8999999761581421,29.776939392089844,12.0,11.908507347106934,-1.325951099395752,1.7539944648742676,42.0,314.1592712402344,1.0
55,-2.9883337020874023,3.3307688236236572,-21.27021598815918,-2.9883337020874023,-6.115170478820801,-0.611517071723938,-0.1472008228302002,0.10000000149011612,0.8999999761581421,29.7769718170166,12.0,11.909503936767578,-1.5009827613830566,1.7541455030441284,42.0,314.1592712402344,1.0
56,-3.088745594024658,3.3571653366088867,-21.269821166992188,-3.088745594024658,-6.436521530151367,-0.6436521410942078,-0.13652253150939941,0.10000000149011612,0.8999999761581421,29.77700424194336,12.0,11.910473823547363,-1.93047034740448,1.7542834281921387,42.0,314.1592712402344,1.0
57,-3.065924644470215,3.499706506729126,-21.179346084594727,-3.065924644470215,-6.751416206359863,-0.6751416325569153,-0.12501919269561768,0.10000000149011612,0.8999999761581421,29.777036666870117,12.0,11.911422729492188,-2.2368671894073486,1.7544190883636475,42.0,314.1592712402344,1.0
58,-3.070488691329956,3.388841152191162,-21.22280502319336,-3.070488691329956,-7.0597028732299805,-0.705970287322998,-0.11256599426269531,0.10000000149011612,0.8999999761581421,29.777008056640625,12.0,11.912336349487305,-2.7181665897369385,1.7545497417449951,42.0,314.1592712402344,1.0
59,-2.9883337020874023,3.441634178161621,-21.267845153808594,-2.9883337020874023,-7.361032485961914,-0.7361032366752625,-0.09949910640716553,0.10000000149011612,0.8999999761581421,29.776979446411133,12.0,11.913213729858398,-3.1900599002838135,1.7546836137771606,42.0,314.1592712402344,1.0
60,-3.0248470306396484,3.336048126220703,-21.08768653869629,-3.0248470306396484,-7.655028820037842,-0.7655028700828552,-0.08536463975906372,0.10000000149011612,0.8999999761581421,29.776981353759766,12.0,11.91407585144043,-3.3736259937286377,1.7548083066940308,42.0,314.1592712402344,1.0
61,-3.0613603591918945,3.4310755729675293,-20.99760627746582,-3.0613603591918945,-7.941620349884033,-0.7941620349884033,-0.07012742757797241,0.10000000149011612,0.8999999761581421,29.777013778686523,12.0,11.914911270141602,-3.6719400882720947,1.7549238204956055,42.0,314.1592712402344,1.0
62,-3.065924644470215,3.399399757385254,-21.223594665527344,-3.065924644470215,-8.220158576965332,-0.8220158815383911,-0.05393904447555542,0.10000000149011612,0.8999999761581421,29.777015686035156,12.0,11.91568374633789,-4.334214210510254,1.7550333738327026,42.0,314.1592712402344,1.0
63,-3.084181308746338,3.341327428817749,-21.404939651489258,-3.084181308746338,-8.490823745727539,-0.849082350730896,-0.03671747446060181,0.10000000149011612,0.8999999761581421,29.776958465576172,12.0,11.916398048400879,-4.913685321807861,1.7551352977752686,42.0,314.1592712402344,1.0
64,-3.0750529766082764,3.3730032444000244,-21.180530548095703,-3.0750529766082764,-8.752864837646484,-0.8752864599227905,-0.01862996816635132,0.10000000149011612,0.8999999761581421,29.776811599731445,12.0,11.91710090637207,-5.023366928100586,1.755232572555542,42.0,314.1592712402344,1.0
65,-3.1115663051605225,3.3202102184295654,-21.089265823364258,-3.1115663051605225,-9.006448745727539,-0.9006448984146118,0.0005247592926025391,0.10000000149011612,0.8999999761581421,29.776813507080078,12.0,11.917774200439453,-5.281339645385742,1.755319595336914,42.0,314.1592712402344,1.0
66,-3.0431036949157715,3.4152376651763916,-21.404544830322266,-3.0431036949157715,-9.251047134399414,-0.9251047372817993,0.0203077495098114,0.10000000149011612,0.8999999761581421,29.77666664123535,12.0,11.918366432189941,-5.946067810058594,1.7554092407226562,42.0,314.1592712402344,1.0
67,-3.03397536277771,3.3624446392059326,-21.269031524658203,-3.03397536277771,-9.486542701721191,-0.948654294013977,0.04092338681221008,0.10000000149011612,0.8999999761581421,29.776458740234375,12.0,11.918935775756836,-6.129573345184326,1.7554937601089478,42.0,314.1592712402344,1.0
68,-3.0385396480560303,3.3096516132354736,-21.178556442260742,-3.0385396480560303,-9.712745666503906,-0.9712745547294617,0.06241816282272339,0.10000000149011612,0.8999999761581421,29.776430130004883,12.0,11.919473648071289,-6.353238105773926,1.7555712461471558,42.0,314.1592712402344,1.0
69,-3.015718698501587,3.436354875564575,-20.90831756591797,-3.015718698501587,-9.929215431213379,-0.9929215312004089,0.0846312940120697,0.10000000149011612,0.8999999761581421,29.776222229003906,12.0,11.920003890991211,-6.4095306396484375,1.7556451559066772,42.0,314.1592712402344,1.0
70,-3.052232027053833,3.4205169677734375,-20.814285278320312,-3.052232027053833,-10.136137962341309,-1.0136138200759888,0.10779270529747009,0.10779270529747009,0.8922072649002075,29.776103973388672,12.0,11.920499801635742,-6.6230034828186035,1.7557072639465332,42.0,314.1592712402344,1.0
71,-2.933563709259033,3.3307688236236572,-20.591062545776367,-2.933563709259033,-10.332721710205078,-1.03327214717865,0.13127905130386353,0.13127905130386353,0.8687209486961365,29.776195526123047,12.0,11.920978546142578,-6.723081111907959,1.7557790279388428,42.0,314.1592712402344,1.0
72,-2.614071846008301,2.982335090637207,-19.911117553710938,-2.614071846008301,-10.519411087036133,-1.051941156387329,0.15438979864120483,0.15438979864120483,0.8456102013587952,29.7764949798584,12.0,11.921503067016602,-6.473958969116211,1.7558878660202026,42.0,314.1592712402344,1.0
73,-2.4406332969665527,2.9031455516815186,-18.51093292236328,-2.4406332969665527,-10.695474624633789,-1.069547414779663,0.17759689688682556,0.17759689688682556,0.822403073310852,29.776765823364258,12.0,11.922171592712402,-5.741125583648682,1.7560116052627563,42.0,314.1592712402344,1.0
74,-2.2991440296173096,2.6444597244262695,-16.880413055419922,-2.2991440296173096,-10.861143112182617,-1.0861142873764038,0.2009984254837036,0.2009984254837036,0.7990015745162964,29.776975631713867,12.0,11.92301082611084,-4.941065788269043,1.7561447620391846,42.0,314.1592712402344,1.0
75,-2.1393980979919434,2.428008556365967,-15.569910049438477,-2.1393980979919434,-11.016040802001953,-1.1016041040420532,0.22454223036766052,0.22454223036766052,0.7754577398300171,29.7772159576416,12.0,11.923965454101562,-4.441922664642334,1.7562893629074097,42.0,314.1592712402344,1.0
76,-1.847291350364685,2.1746022701263428,-14.347906112670898,-1.847291350364685,-11.16003131866455,-1.116003155708313,0.24785420298576355,0.24785420298576355,0.7521457672119141,29.777456283569336,12.0,11.925015449523926,-4.061298370361328,1.7564642429351807,42.0,314.1592712402344,1.0
77,-1.6099544763565063,2.0954127311706543,-13.262605667114258,-1.6099544763565063,-11.293157577514648,-1.129315733909607,0.27111947536468506,0.27111947536468506,0.7288805246353149,29.777727127075195,12.0,11.926136016845703,-3.808300018310547,1.7566598653793335,42.0,314.1592712402344,1.0
78,-1.454772710800171,1.8631234169006348,-10.999946594238281,-1.454772710800171,-11.414899826049805,-1.1414899826049805,0.2945060729980469,0.2945060729980469,0.7054939270019531,29.77796745300293,12.0,11.92750072479248,-3.0167038440704346,1.7568628787994385,42.0,314.1592712402344,1.0
79,-1.2265641689300537,1.77865469455719,-10.23308277130127,-1.2265641689300537,-11.525710105895996,-1.1525709629058838,0.3178943395614624,0.3178943395614624,0.6821056604385376,29.778175354003906,12.0,11.928869247436523,-3.0047972202301025,1.757083773612976,42.0,314.1592712402344,1.0
80,-1.0166124105453491,1.5569241046905518,-9.0991849899292,-1.0166124105453491,-11.62474250793457,-1.162474274635315,0.34131044149398804,0.34131044149398804,0.658689558506012,29.778533935546875,12.0,11.930296897888184,-2.853782892227173,1.7573188543319702,42.0,314.1592712402344,1.0
81,-0.8157889246940613,1.2929590940475464,-7.698604583740234,-0.8157889246940613,-11.712617874145508,-1.1712617874145508,0.3647734522819519,0.3647734522819519,0.6352265477180481,29.778831481933594,12.0,11.9318208694458,-2.6386876106262207,1.757565975189209,42.0,314.1592712402344,1.0
82,-0.6925563216209412,1.1715351343154907,-6.209127426147461,-0.6925563216209412,-11.788734436035156,-1.1788734197616577,0.3883921504020691,0.3883921504020691,0.6116078495979309,29.779159545898438,12.0,11.933449745178223,-2.4392197132110596,1.7578121423721313,42.0,314.1592712402344,1.0
83,-0.4369628429412842,0.9709218144416809,-4.758371353149414,-0.4369628429412842,-11.853322982788086,-1.1853322982788086,0.41197818517684937,0.41197818517684937,0.5880218148231506,29.779577255249023,12.0,11.93517017364502,-2.292494535446167,1.7580780982971191,42.0,314.1592712402344,1.0
84,-0.3182944059371948,0.9286873936653137,-3.8532276153564453,-0.3182944059371948,-11.90622615814209,-1.1906225681304932,0.4356861114501953,0.4356861114501953,0.5643138885498047,29.780025482177734,12.0,11.93689250946045,-2.2904224395751953,1.7583413124084473,42.0,314.1592712402344,1.0
85,-0.16767680644989014,0.7861462831497192,-2.6794252395629883,-0.16767680644989014,-11.947273254394531,-1.1947273015975952,0.45945635437965393,0.45945635437965393,0.5405436754226685,29.78032112121582,12.0,11.938657760620117,-2.249847412109375,1.7586067914962769,42.0,314.1592712402344,1.0
86,-0.1265992820262909,0.6752809882164001,-1.9544429779052734,-0.1265992820262909,-11.976758003234863,-1.1976758241653442,0.48332664370536804,0.48332664370536804,0.5166733264923096,29.780677795410156,12.0,11.94039249420166,-2.2689712047576904,1.7588568925857544,42.0,314.1592712402344,1.0
87,0.08791669458150864,0.5538570880889893,-0.37172698974609375,0.08791669458150864,-11.994097709655762,-1.1994097232818604,0.5071977376937866,0.5071977376937866,0.4928022623062134,29.781003952026367,12.0,11.942233085632324,-2.2361562252044678,1.7591198682785034,42.0,314.1592712402344,1.0
88,0.13812255859375,0.5274606347084045,0.21695232391357422,0.13812255859375,-11.999951362609863,-1.1999951601028442,0.5310639142990112,0.5310639142990112,0.46893608570098877,29.781330108642578,12.0,11.944016456604004,-2.2355916500091553,1.759368896484375,42.0,314.1592712402344,1.0
89,0.32525351643562317,0.30045071244239807,0.7597999572753906,0.32525351643562317,-11.993613243103027,-1.1993613243103027,0.5549123883247375,0.5549123883247375,0.44508761167526245,29.781625747680664,12.0,11.945735931396484,-2.215437650680542,1.7596265077590942,42.0,314.1592712402344,1.0
90,0.4941278100013733,0.14207172393798828,2.160778045654297,0.4941278100013733,-11.975693702697754,-1.1975693702697754,0.5787212252616882,0.5787212252616882,0.42127877473831177,29.78200912475586,12.0,11.947532653808594,-2.264155864715576,1.7598892450332642,42.0,314.1592712402344,1.0
91,0.571718692779541,0.057602930814027786,2.792914390563965,0.571718692779541,-11.945821762084961,-1.194582223892212,0.602397620677948,0.602397620677948,0.397602379322052,29.782243728637695,12.0,11.94927978515625,-2.217385768890381,1.7601423263549805,42.0,314.1592712402344,1.0
92,0.8501330614089966,-0.1588483601808548,4.0611419677734375,0.8501330614089966,-11.90419864654541,-1.1904199123382568,0.6261109113693237,0.6261109113693237,0.37388908863067627,29.782567977905273,12.0,11.951081275939941,-2.2859976291656494,1.760418176651001,42.0,314.1592712402344,1.0
93,0.9596731066703796,-0.4175340533256531,4.786124229431152,0.9596731066703796,-11.850911140441895,-1.1850911378860474,0.6496394872665405,0.6496394872665405,0.3503605127334595,29.78295135498047,12.0,11.952849388122559,-2.231862783432007,1.7606890201568604,42.0,314.1592712402344,1.0
94,1.2791650295257568,-0.6973369121551514,6.4119062423706055,1.2791650295257568,-11.785751342773438,-1.1785751581192017,0.6732839941978455,0.6732839941978455,0.32671600580215454,29.783096313476562,12.0,11.95472526550293,-2.440641403198242,1.7609881162643433,42.0,314.1592712402344,1.0
95,1.457167625427246,-0.8926710486412048,7.590447425842285,1.457167625427246,-11.709254264831543,-1.1709253787994385,0.6967803239822388,0.6967803239822388,0.30321967601776123,29.783390045166016,12.0,11.956635475158691,-2.51690673828125,1.7612919807434082,42.0,314.1592712402344,1.0
96,1.6351702213287354,-0.9613019227981567,9.762237548828125,1.6351702213287354,-11.62081527709961,-1.1620814800262451,0.7201386094093323,0.7201386094093323,0.2798613905906677,29.78368377685547,12.0,11.958731651306152,-2.9954380989074707,1.7616002559661865,42.0,314.1592712402344,1.0
97,1.8496862649917603,-1.1671946048736572,10.486035346984863,1.8496862649917603,-11.521246910095215,-1.1521246433258057,0.7433744668960571,0.7433744668960571,0.25662553310394287,29.783796310424805,12.0,11.960782051086426,-2.863431930541992,1.7619186639785767,42.0,314.1592712402344,1.0
98,2.132664680480957,-1.2675013542175293,11.255269050598145,2.132664680480957,-11.410043716430664,-1.1410043239593506,0.7666337490081787,0.7666337490081787,0.2333662509918213,29.78396987915039,12.0,11.962798118591309,-2.750005006790161,1.7622569799423218,42.0,314.1592712402344,1.0
99,2.3152315616607666,-1.6264936923980713,13.607613563537598,2.3152315616607666,-11.287750244140625,-1.1287750005722046,0.7896774411201477,0.7896774411201477,0.2103225588798523,29.783994674682617,12.0,11.965018272399902,-3.4907596111297607,1.7625991106033325,42.0,314.1592712402344,1.0
100,2.429335832595825,-1.695124626159668,14.645505905151367,2.429335832595825,-11.15426254272461,-1.1154263019561768,0.8122568130493164,0.8122568130493164,0.1877431869506836,29.784196853637695,12.0,11.967238426208496,-3.4892473220825195,1.7629350423812866,42.0,314.1592712402344,1.0
101,2.602774143218994,-1.922134518623352,16.278791427612305,2.602774143218994,-11.009735107421875,-1.1009734869003296,0.834548830986023,0.834548830986023,0.16545116901397705,29.78430938720703,12.0,11.9695463180542,-3.870492458343506,1.763274073600769,42.0,314.1592712402344,1.0
102,2.7488276958465576,-2.0752341747283936,16.90934944152832,2.7488276958465576,-10.854484558105469,-1.0854485034942627,0.8564028143882751,0.8564028143882751,0.14359718561172485,29.78436279296875,12.0,11.971794128417969,-3.5853793621063232,1.7636122703552246,42.0,314.1592712402344,1.0
103,3.050062894821167,-2.3814334869384766,18.535526275634766,3.050062894821167,-10.688294410705566,-1.0688294172286987,0.8783459067344666,0.8783459067344666,0.12165409326553345,29.784475326538086,12.0,11.974126815795898,-4.025073528289795,1.7639718055725098,42.0,314.1592712402344,1.0
104,3.1276538372039795,-2.455343723297119,19.98588752746582,3.1276538372039795,-10.511865615844727,-1.0511865615844727,0.8995583653450012,0.8995583653450012,0.10044163465499878,29.784587860107422,12.0,11.976517677307129,-4.342832565307617,1.7643204927444458,42.0,314.1592712402344,1.0
105,3.3010921478271484,-2.576767683029175,21.20709991455078,3.3010921478271484,-10.324695587158203,-1.0324695110321045,0.9203875064849854,0.8999999761581421,0.10000000149011612,29.78449249267578,12.0,11.97893238067627,-4.487010478973389,1.7646725177764893,42.0,314.1592712402344,1.0
106,3.260014772415161,-2.3708748817443848,21.296390533447266,3.260014772415161,-10.127617835998535,-1.0127618312835693,0.9399807453155518,0.8999999761581421,0.10000000149011612,29.784517288208008,12.0,11.981220245361328,-3.6771984100341797,1.7649990320205688,42.0,314.1592712402344,1.0
107,3.2143731117248535,-2.3339197635650635,21.071189880371094,3.2143731117248535,-9.920372009277344,-0.9920371770858765,0.9583535194396973,0.8999999761581421,0.10000000149011612,29.784690856933594,12.0,11.983348846435547,-2.6020400524139404,1.7653015851974487,42.0,314.1592712402344,1.0
108,3.1961162090301514,-2.513416051864624,21.886253356933594,3.1961162090301514,-9.703424453735352,-0.9703424572944641,0.9756901264190674,0.8999999761581421,0.10000000149011612,29.784685134887695,12.0,11.985466957092285,-2.522700548171997,1.7655857801437378,42.0,314.1592712402344,1.0
109,3.1824238300323486,-2.3867127895355225,21.162059783935547,3.1824238300323486,-9.476911544799805,-0.9476911425590515,0.9919737577438354,0.8999999761581421,0.10000000149011612,29.784709930419922,12.0,11.987382888793945,-0.9582533240318298,1.765853762626648,42.0,314.1592712402344,1.0
110,3.241758108139038,-2.413109302520752,21.43190574645996,3.241758108139038,-9.240962982177734,-0.9240962862968445,1.0075777769088745,0.8999999761581421,0.10000000149011612,29.784912109375,12.0,11.989236831665039,-0.4394437074661255,1.7661159038543701,42.0,314.1592712402344,1.0
111,3.205244779586792,-2.4922988414764404,21.071189880371094,3.205244779586792,-8.996068954467773,-0.8996068835258484,1.0221037864685059,0.8999999761581421,0.10000000149011612,29.78481674194336,12.0,11.990960121154785,0.7164272665977478,1.7663617134094238,42.0,314.1592712402344,1.0
112,3.1413462162017822,-2.3867127895355225,21.342220306396484,3.1413462162017822,-8.742053985595703,-0.8742054104804993,1.0355446338653564,0.8999999761581421,0.10000000149011612,29.785198211669922,12.0,11.992636680603027,1.143478274345398,1.7665895223617554,42.0,314.1592712402344,1.0
113,3.136782169342041,-2.4447851181030273,21.614830017089844,3.136782169342041,-8.479667663574219,-0.8479667901992798,1.0481855869293213,0.8999999761581421,0.10000000149011612,29.78522300720215,12.0,11.994274139404297,1.5380618572235107,1.7668077945709229,42.0,314.1592712402344,1.0
114,3.1139612197875977,-2.355036973953247,21.251745223999023,3.1139612197875977,-8.208664894104004,-0.8208664655685425,1.0599945783615112,0.8999999761581421,0.10000000149011612,29.78521728515625,12.0,11.995807647705078,2.638474225997925,1.7670156955718994,42.0,314.1592712402344,1.0
115,3.273707151412964,-2.4975781440734863,21.162059783935547,3.273707151412964,-7.929736137390137,-0.7929736375808716,1.0717222690582275,0.8999999761581421,0.10000000149011612,29.785242080688477,12.0,11.997278213500977,3.3624064922332764,1.7672334909439087,42.0,314.1592712402344,1.0
116,3.19155216217041,-2.508136749267578,21.025754928588867,3.19155216217041,-7.6428937911987305,-0.764289379119873,1.0824120044708252,0.8999999761581421,0.10000000149011612,29.785295486450195,12.0,11.998687744140625,4.0994038581848145,1.7674362659454346,42.0,314.1592712402344,1.0
117,3.205244779586792,-2.523974657058716,21.84002685546875,3.205244779586792,-7.348530292510986,-0.7348530292510986,1.092557668685913,0.8999999761581421,0.10000000149011612,29.785259246826172,12.0,12.000136375427246,3.5936496257781982,1.7676349878311157,42.0,314.1592712402344,1.0
118,3.18698787689209,-2.3708748817443848,21.297969818115234,3.18698787689209,-7.046968460083008,-0.7046968340873718,1.1020033359527588,0.8999999761581421,0.10000000149011612,29.78531265258789,12.0,12.001495361328125,4.819170951843262,1.7678272724151611,42.0,314.1592712402344,1.0
119,3.19155216217041,-2.5345332622528076,21.29757308959961,3.19155216217041,-6.738347053527832,-0.6738346815109253,1.1109318733215332,0.8999999761581421,0.10000000149011612,29.785337448120117,12.0,12.002823829650879,5.266199111938477,1.7680162191390991,42.0,314.1592712402344,1.0
120,3.18698787689209,-2.465902328491211,21.07158660888672,3.18698787689209,-6.423243522644043,-0.6423243284225464,1.1193037033081055,0.8999999761581421,0.10000000149011612,29.785301208496094,12.0,12.004107475280762,5.971421241760254,1.7682015895843506,42.0,314.1592712402344,1.0
121,3.1641671657562256,-2.4289472103118896,21.432300567626953,3.1641671657562256,-6.101587295532227,-0.6101587414741516,1.1271541118621826,0.8999999761581421,0.10000000149011612,29.785354614257812,12.0,12.005399703979492,5.818049430847168,1.7683823108673096,42.0,314.1592712402344,1.0
122,3.1961162090301514,-2.4447851181030273,21.568603515625,3.1961162090301514,-5.774089813232422,-0.5774089694023132,1.1346659660339355,0.8999999761581421,0.10000000149011612,29.78540802001953,12.0,12.006685256958008,5.948919296264648,1.7685635089874268,42.0,314.1592712402344,1.0
123,3.118525505065918,-2.4447851181030273,21.20670509338379,3.118525505065918,-5.440759658813477,-0.5440759658813477,1.1415268182754517,0.8999999761581421,0.10000000149011612,29.78510284423828,12.0,12.007929801940918,6.747831344604492,1.768737554550171,42.0,314.1592712402344,1.0
124,3.255450487136841,-2.5450918674468994,21.388050079345703,3.255450487136841,-5.102144718170166,-0.5102144479751587,1.148430347442627,0.8999999761581421,0.10000000149011612,29.785127639770508,12.0,12.009177207946777,6.7009687423706055,1.7689199447631836,42.0,314.1592712402344,1.0
125,3.100268840789795,-2.4975781440734863,21.20670509338379,3.100268840789795,-4.758467674255371,-0.4758467674255371,1.1544992923736572,0.8999999761581421,0.10000000149011612,29.785152435302734,12.0,12.010404586791992,7.149668216705322,1.7690914869308472,42.0,314.1592712402344,1.0
126,3.1504745483398438,-2.455343723297119,21.614830017089844,3.1504745483398438,-4.410079002380371,-0.44100791215896606,1.1604225635528564,0.8999999761581421,0.10000000149011612,29.785057067871094,12.0,12.011650085449219,6.672538757324219,1.7692657709121704,42.0,314.1592712402344,1.0
127,3.2006804943084717,-2.4236679077148438,21.072376251220703,3.2006804943084717,-4.057395935058594,-0.40573960542678833,1.166121482849121,0.8999999761581421,0.10000000149011612,29.784961700439453,12.0,12.012862205505371,7.600032329559326,1.7694425582885742,42.0,314.1592712402344,1.0
128,3.2508864402770996,-2.460623025894165,21.251745223999023,3.2508864402770996,-3.700625419616699,-0.37006253004074097,1.1716198921203613,0.8999999761581421,0.10000000149011612,29.78492546081543,12.0,12.014081954956055,7.360757350921631,1.7696216106414795,42.0,314.1592712402344,1.0
129,3.168731212615967,-2.4289472103118896,21.20709991455078,3.168731212615967,-3.3403079509735107,-0.33403080701828003,1.1765918731689453,0.8999999761581421,0.10000000149011612,29.78462028503418,12.0,12.015299797058105,7.4351091384887695,1.7697970867156982,42.0,314.1592712402344,1.0
130,3.19155216217041,-2.465902328491211,21.205915451049805,3.19155216217041,-2.976576566696167,-0.29765766859054565,1.1813130378723145,0.8999999761581421,0.10000000149011612,29.784732818603516,12.0,12.016518592834473,7.401037216186523,1.7699737548828125,42.0,314.1592712402344,1.0
131,3.209808826446533,-2.5450918674468994,21.569000244140625,3.209808826446533,-2.6099917888641357,-0.2609991729259491,1.1857459545135498,0.8999999761581421,0.10000000149011612,29.78466796875,12.0,12.017751693725586,6.763591289520264,1.7701513767242432,42.0,314.1592712402344,1.0
132,3.1459105014801025,-2.4870195388793945,21.117021560668945,3.1459105014801025,-2.2407851219177246,-0.22407850623130798,1.1897733211517334,0.8999999761581421,0.10000000149011612,29.784542083740234,12.0,12.018972396850586,7.389235019683838,1.7703274488449097,42.0,314.1592712402344,1.0
133,3.2873997688293457,-2.5292539596557617,21.20670509338379,3.2873997688293457,-1.869390606880188,-0.1869390606880188,1.1936383247375488,0.8999999761581421,0.10000000149011612,29.78465461730957,12.0,12.020197868347168,7.096602916717529,1.7705074548721313,42.0,314.1592712402344,1.0
134,3.155038833618164,-2.513416051864624,21.252140045166016,3.155038833618164,-1.496150255203247,-0.14961501955986023,1.197016716003418,0.8999999761581421,0.10000000149011612,29.784500122070312,12.0,12.021425247192383,6.848025321960449,1.7706851959228516,42.0,314.1592712402344,1.0
135,3.082012176513672,-2.508136749267578,21.613643646240234,3.082012176513672,-1.121417760848999,-0.11214177310466766,1.2000452280044556,0.8999999761581421,0.10000000149011612,29.78431510925293,12.0,12.022660255432129,6.071154594421387,1.770862102508545,42.0,314.1592712402344,1.0
136,3.2189371585845947,-2.5450918674468994,21.433483123779297,3.2189371585845947,-0.745601236820221,-0.07456012070178986,1.2027736902236938,0.8999999761581421,0.10000000149011612,29.784189224243164,12.0,12.023894309997559,6.152206897735596,1.7710405588150024,42.0,314.1592712402344,1.0
137,3.2280654907226562,-2.407829999923706,20.981901168823242,3.2280654907226562,-0.36902952194213867,-0.03690295293927193,1.2051188945770264,0.8999999761581421,0.10000000149011612,29.783973693847656,12.0,12.025127410888672,6.622475624084473,1.771219253540039,42.0,314.1592712402344,1.0
138,3.209808826446533,-2.5873262882232666,21.614830017089844,3.209808826446533,0.007896225899457932,0.0007896226015873253,1.207017183303833,0.8999999761581421,0.10000000149011612,29.78375816345215,12.0,12.026360511779785,5.3049187660217285,1.7713979482650757,42.0,314.1592712402344,1.0
139,3.168731212615967,-2.413109302520752,21.341825485229492,3.168731212615967,0.3848148584365845,0.03848148509860039,1.2084968090057373,0.8999999761581421,0.10000000149011612,29.783870697021484,12.0,12.027593612670898,5.456203460693359,1.7715766429901123,42.0,314.1592712402344,1.0
140,3.223501443862915,-2.4500644207000732,21.61404037475586,3.223501443862915,0.7613584399223328,0.07613584399223328,1.2094779014587402,0.8999999761581421,0.10000000149011612,29.7836856842041,12.0,12.02882194519043,4.695952415466309,1.771754503250122,42.0,314.1592712402344,1.0
141,3.123089551925659,-2.513416051864624,21.026151657104492,3.123089551925659,1.1371444463729858,0.11371444165706635,1.2100576162338257,0.8999999761581421,0.10000000149011612,29.783559799194336,12.0,12.030055046081543,5.300456523895264,1.7719331979751587,42.0,314.1592712402344,1.0
142,3.168731212615967,-2.513416051864624,21.069610595703125,3.168731212615967,1.5118088722229004,0.15118089318275452,1.2100883722305298,0.8999999761581421,0.10000000149011612,29.783584594726562,12.0,12.031282424926758,4.8391804695129395,1.7721102237701416,42.0,314.1592712402344,1.0
143,3.1596028804779053,-2.5873262882232666,21.388442993164062,3.1596028804779053,1.8849949836730957,0.18849949538707733,1.2095777988433838,0.8999999761581421,0.10000000149011612,29.783369064331055,12.0,12.032495498657227,3.9333388805389404,1.7722865343093872,42.0,314.1592712402344,1.0
144,3.1322178840637207,-2.465902328491211,21.659473419189453,3.1322178840637207,2.2562904357910156,0.2256290465593338,1.2085516452789307,0.8999999761581421,0.10000000149011612,29.78315544128418,12.0,12.033693313598633,3.11610746383667,1.7724623680114746,42.0,314.1592712402344,1.0
145,3.223501443862915,-2.4870195388793945,21.387653350830078,3.223501443862915,2.6254196166992188,0.2625419497489929,1.206722378730774,0.8999999761581421,0.10000000149011612,29.78321075439453,12.0,12.034891128540039,3.151979923248291,1.7726335525512695,42.0,314.1592712402344,1.0
146,3.155038833618164,-2.465902328491211,21.161270141601562,3.155038833618164,2.991870164871216,0.2991870045661926,1.2044017314910889,0.8999999761581421,0.10000000149011612,29.783296585083008,12.0,12.036087989807129,3.081249237060547,1.7728058099746704,42.0,314.1592712402344,1.0
147,3.2143731117248535,-2.566209077835083,21.614830017089844,3.2143731117248535,3.3554539680480957,0.3355453908443451,1.2012453079223633,0.8999999761581421,0.10000000149011612,29.783143997192383,12.0,12.037251472473145,1.9417529106140137,1.7729735374450684,42.0,314.1592712402344,1.0
148,3.136782169342041,-2.3814334869384766,21.342613220214844,3.136782169342041,3.7156500816345215,0.3715650141239166,1.1975769996643066,0.8999999761581421,0.10000000149011612,29.78322982788086,12.0,12.038414001464844,1.9343181848526,1.7731428146362305,42.0,314.1592712402344,1.0
149,3.2463221549987793,-2.508136749267578,21.432300567626953,3.2463221549987793,4.072232246398926,0.4072232246398926,1.192870855331421,0.8999999761581421,0.10000000149011612,29.78313636779785,12.0,12.039555549621582,1.3531454801559448,1.7733036279678345,42.0,314.1592712402344,1.0
150,3.1824238300323486,-2.5820469856262207,21.252532958984375,3.1824238300323486,4.424777984619141,0.4424777925014496,1.187570333480835,0.8999999761581421,0.10000000149011612,29.78286361694336,12.0,12.040689468383789,1.1743512153625488,1.773465633392334,42.0,314.1592712402344,1.0
151,3.123089551925659,-2.4764609336853027,21.250560760498047,3.123089551925659,4.772940635681152,0.47729405760765076,1.181656837463379,0.8999999761581421,0.10000000149011612,29.78291893005371,12.0,12.041803359985352,0.7163013219833374,1.7736284732818604,42.0,314.1592712402344,1.0
152,3.1504745483398438,-2.666515827178955,21.705303192138672,3.1504745483398438,5.116459846496582,0.5116459727287292,1.1748141050338745,0.8999999761581421,0.10000000149011612,29.782825469970703,12.0,12.042864799499512,-0.40022510290145874,1.7737860679626465,42.0,314.1592712402344,1.0
153,3.209808826446533,-2.5028574466705322,21.20749282836914,3.209808826446533,5.454819679260254,0.5454819798469543,1.1669615507125854,0.8999999761581421,0.10000000149011612,29.782611846923828,12.0,12.043940544128418,-0.12382964044809341,1.7739357948303223,42.0,314.1592712402344,1.0
154,3.19155216217041,-2.5503711700439453,21.253326416015625,3.19155216217041,5.787957191467285,0.5787957310676575,1.1582667827606201,0.8999999761581421,0.10000000149011612,29.782608032226562,12.0,12.044986724853516,-0.6514256596565247,1.7740832567214966,42.0,314.1592712402344,1.0
155,3.118525505065918,-2.4342265129089355,21.205915451049805,3.118525505065918,6.115180492401123,0.6115180253982544,1.1489689350128174,0.8999999761581421,0.10000000149011612,29.782604217529297,12.0,12.04601001739502,-1.0433400869369507,1.7742327451705933,42.0,314.1592712402344,1.0
156,3.205244779586792,-2.6348400115966797,21.659080505371094,3.205244779586792,6.436532020568848,0.6436532139778137,1.1384161710739136,0.8999999761581421,0.10000000149011612,29.782451629638672,12.0,12.046965599060059,-2.1072511672973633,1.7743701934814453,42.0,314.1592712402344,1.0
157,3.1504745483398438,-2.3919920921325684,21.253326416015625,3.1504745483398438,6.751423358917236,0.6751423478126526,1.127169132232666,0.8999999761581421,0.10000000149011612,29.78253746032715,12.0,12.047928810119629,-1.9928412437438965,1.7745082378387451,42.0,314.1592712402344,1.0
158,3.273707151412964,-2.4870195388793945,21.2529296875,3.273707151412964,7.0597100257873535,0.7059710025787354,1.114500641822815,0.8999999761581421,0.10000000149011612,29.782682418823242,12.0,12.048859596252441,-2.432391881942749,1.7746299505233765,42.0,314.1592712402344,1.0
159,3.205244779586792,-2.5820469856262207,21.162456512451172,3.205244779586792,7.361040115356445,0.7361040115356445,1.1011639833450317,0.8999999761581421,0.10000000149011612,29.78255844116211,12.0,12.049765586853027,-2.7502102851867676,1.7747539281845093,42.0,314.1592712402344,1.0
160,3.1276538372039795,-2.5450918674468994,21.295995712280273,3.1276538372039795,7.655036926269531,0.7655037045478821,1.0871975421905518,0.8999999761581421,0.10000000149011612,29.782733917236328,12.0,12.05062198638916,-3.3416948318481445,1.7748807668685913,42.0,314.1592712402344,1.0
161,3.1322178840637207,-2.4764609336853027,21.7507381439209,3.1322178840637207,7.941628932952881,0.7941628694534302,1.072237253189087,0.8999999761581421,0.10000000149011612,29.78278923034668,12.0,12.05139446258545,-4.293385028839111,1.7750015258789062,42.0,314.1592712402344,1.0
162,3.1139612197875977,-2.4289472103118896,20.981111526489258,3.1139612197875977,8.22016716003418,0.822016716003418,1.0564632415771484,0.8999999761581421,0.10000000149011612,29.78275489807129,12.0,12.052216529846191,-3.773106336593628,1.7751184701919556,42.0,314.1592712402344,1.0
163,3.155038833618164,-2.5398125648498535,21.25135040283203,3.155038833618164,8.49083137512207,0.8490831255912781,1.0395562648773193,0.8999999761581421,0.10000000149011612,29.78278160095215,12.0,12.052967071533203,-4.482028484344482,1.7752248048782349,42.0,314.1592712402344,1.0
164,3.0911405086517334,-2.4500644207000732,21.071189880371094,3.0911405086517334,8.752872467041016,0.8752872347831726,1.022005558013916,0.8999999761581421,0.10000000149011612,29.782808303833008,12.0,12.053698539733887,-4.662341594696045,1.7753325700759888,42.0,314.1592712402344,1.0
165,3.1322178840637207,-2.455343723297119,21.796173095703125,3.1322178840637207,9.00645637512207,0.9006456136703491,1.0033364295959473,0.8999999761581421,0.10000000149011612,29.782804489135742,12.0,12.054301261901855,-5.797085762023926,1.7754288911819458,42.0,314.1592712402344,1.0
166,3.1276538372039795,-2.5820469856262207,21.388050079345703,3.1276538372039795,9.251056671142578,0.9251056909561157,0.9838056564331055,0.8999999761581421,0.10000000149011612,29.782800674438477,12.0,12.054915428161621,-5.704333782196045,1.7755193710327148,42.0,314.1592712402344,1.0
167,3.2508864402770996,-2.455343723297119,21.07158660888672,3.2508864402770996,9.486551284790039,0.9486551284790039,0.9629170894622803,0.8999999761581421,0.10000000149011612,29.78294563293457,12.0,12.055526733398438,-5.724308013916016,1.7755879163742065,42.0,314.1592712402344,1.0
168,3.273707151412964,-2.4975781440734863,21.16284942626953,3.273707151412964,9.712753295898438,0.9712753295898438,0.9410762786865234,0.8999999761581421,0.10000000149011612,29.783000946044922,12.0,12.05608081817627,-6.137910842895508,1.7756476402282715,42.0,314.1592712402344,1.0
169,3.2280654907226562,-2.5292539596557617,21.295995712280273,3.2280654907226562,9.92922306060791,0.992922306060791,0.9185854196548462,0.8999999761581421,0.10000000149011612,29.78311538696289,12.0,12.056571960449219,-6.564931392669678,1.7757076025009155,42.0,314.1592712402344,1.0
170,3.155038833618164,-2.5926055908203125,21.795778274536133,3.155038833618164,10.13614559173584,1.013614535331726,0.8955314755439758,0.8955314755439758,0.10446852445602417,29.78314208984375,12.0,12.056950569152832,-7.276511192321777,1.775771141052246,42.0,314.1592712402344,1.0
171,3.1459105014801025,-2.349757671356201,20.93528175354004,3.1459105014801025,10.33272933959961,1.0332729816436768,0.8717789649963379,0.8717789649963379,0.1282210350036621,29.783227920532227,12.0,12.057405471801758,-6.830059051513672,1.7758291959762573,42.0,314.1592712402344,1.0
172,2.771648645401001,-2.0910720825195312,19.805728912353516,2.771648645401001,10.519416809082031,1.0519416332244873,0.8486099243164062,0.8486099243164062,0.15139007568359375,29.783342361450195,12.0,12.057968139648438,-6.233112335205078,1.7759325504302979,42.0,314.1592712402344,1.0
173,2.5343117713928223,-1.9010173082351685,18.71687126159668,2.5343117713928223,10.695480346679688,1.0695480108261108,0.8255389332771301,0.8255389332771301,0.17446106672286987,29.78363609313965,12.0,12.05862808227539,-5.73785924911499,1.7760599851608276,42.0,314.1592712402344,1.0
174,2.3015389442443848,-1.689845323562622,17.362119674682617,2.3015389442443848,10.861148834228516,1.0861148834228516,0.8025436401367188,0.8025436401367188,0.19745635986328125,29.78386878967285,12.0,12.059417724609375,-5.125522613525391,1.7762097120285034,42.0,314.1592712402344,1.0
175,2.1372289657592773,-1.5789799690246582,15.781378746032715,2.1372289657592773,11.016045570373535,1.1016045808792114,0.7794159054756165,0.7794159054756165,0.22058409452438354,29.783981323242188,12.0,12.060364723205566,-4.448215007781982,1.776370644569397,42.0,314.1592712402344,1.0
176,1.9774830341339111,-1.3889251947402954,14.55582046508789,1.9774830341339111,11.160036087036133,1.1160036325454712,0.7561384439468384,0.7561384439468384,0.24386155605316162,29.784183502197266,12.0,12.061408042907715,-4.066625118255615,1.7765414714813232,42.0,314.1592712402344,1.0
177,1.7903519868850708,-1.1619153022766113,13.607613563537598,1.7903519868850708,11.29316234588623,1.1293162107467651,0.7327731847763062,0.7327731847763062,0.26722681522369385,29.784326553344727,12.0,12.062500953674316,-3.888493061065674,1.7767255306243896,42.0,314.1592712402344,1.0
178,1.4845526218414307,-0.882112443447113,11.97867202758789,1.4845526218414307,11.41490364074707,1.1414903402328491,0.7096284627914429,0.7096284627914429,0.29037153720855713,29.78470802307129,12.0,12.063742637634277,-3.4055798053741455,1.776940107345581,42.0,314.1592712402344,1.0
179,1.3658841848373413,-0.7818057537078857,11.20825481414795,1.3658841848373413,11.525713920593262,1.152571439743042,0.686233639717102,0.686233639717102,0.31376636028289795,29.785030364990234,12.0,12.064994812011719,-3.3762013912200928,1.7771552801132202,42.0,314.1592712402344,1.0
180,1.1422399282455444,-0.6075888276100159,9.037254333496094,1.1422399282455444,11.624746322631836,1.1624746322631836,0.662858247756958,0.662858247756958,0.337141752243042,29.785322189331055,12.0,12.066471099853516,-2.8023629188537598,1.7773869037628174,42.0,314.1592712402344,1.0
181,0.9688014388084412,-0.5442372560501099,7.9511613845825195,0.9688014388084412,11.71261978149414,1.1712620258331299,0.6393786072731018,0.6393786072731018,0.3606213927268982,29.78564453125,12.0,12.067991256713867,-2.7027947902679443,1.7776262760162354,42.0,314.1592712402344,1.0
182,0.754285454750061,-0.3172273635864258,6.774200439453125,0.754285454750061,11.788736343383789,1.1788736581802368,0.6158722043037415,0.6158722043037415,0.38412779569625854,29.785905838012695,12.0,12.06956672668457,-2.5970373153686523,1.7778793573379517,42.0,314.1592712402344,1.0
183,0.571718692779541,-0.03742446377873421,5.417868614196777,0.571718692779541,11.853324890136719,1.1853325366973877,0.5922992825508118,0.5922992825508118,0.40770071744918823,29.78607749938965,12.0,12.071222305297852,-2.4705746173858643,1.7781401872634888,42.0,314.1592712402344,1.0
184,0.47587111592292786,-0.0638209655880928,3.881378173828125,0.47587111592292786,11.906228065490723,1.1906228065490723,0.5685842037200928,0.5685842037200928,0.4314157962799072,29.786487579345703,12.0,12.072981834411621,-2.339907169342041,1.7783948183059692,42.0,314.1592712402344,1.0
185,0.3800235688686371,0.13679242134094238,2.6581907272338867,0.3800235688686371,11.947274208068848,1.1947274208068848,0.5447629690170288,0.5447629690170288,0.4552370309829712,29.78683853149414,12.0,12.074790000915527,-2.2942914962768555,1.7786433696746826,42.0,314.1592712402344,1.0
186,0.24766263365745544,0.27933353185653687,2.161961555480957,0.24766263365745544,11.97675895690918,1.1976759433746338,0.520884096622467,0.520884096622467,0.47911590337753296,29.78692054748535,12.0,12.07652759552002,-2.3377418518066406,1.7788918018341064,42.0,314.1592712402344,1.0
187,0.09248086810112,0.44299182295799255,1.0766592025756836,0.09248086810112,11.994098663330078,1.19940984249115,0.49698394536972046,0.49698394536972046,0.5030160546302795,29.787240982055664,12.0,12.078290939331055,-2.3295199871063232,1.7791436910629272,42.0,314.1592712402344,1.0
188,-0.003366701304912567,0.569694995880127,0.3967161178588867,-0.003366701304912567,11.999951362609863,1.1999951601028442,0.4730837941169739,0.4730837941169739,0.5269162058830261,29.78753089904785,12.0,12.0800142288208,-2.3290724754333496,1.7793892621994019,42.0,314.1592712402344,1.0
189,-0.1357276290655136,0.6383259296417236,-0.9149703979492188,-0.1357276290655136,11.993613243103027,1.1993613243103027,0.44920864701271057,0.44920864701271057,0.5507913827896118,29.787639617919922,12.0,12.081799507141113,-2.3488831520080566,1.779634714126587,42.0,314.1592712402344,1.0
190,-0.3228585720062256,0.7122361063957214,-1.7296390533447266,-0.3228585720062256,11.975691795349121,1.1975691318511963,0.4253613352775574,0.4253613352775574,0.5746386647224426,29.787927627563477,12.0,12.083564758300781,-2.33589243888855,1.7798887491226196,42.0,314.1592712402344,1.0
191,-0.5145537257194519,0.8864529728889465,-2.3175277709960938,-0.5145537257194519,11.945821762084961,1.194582223892212,0.40155500173568726,0.40155500173568726,0.5984449982643127,29.788066864013672,12.0,12.085274696350098,-2.283256769180298,1.7801517248153687,42.0,314.1592712402344,1.0
192,-0.6104012727737427,1.1873730421066284,-3.629213333129883,-0.6104012727737427,11.904197692871094,1.1904197931289673,0.3778945505619049,0.3778945505619049,0.6221054792404175,29.788236618041992,12.0,12.08704662322998,-2.3620285987854004,1.7804077863693237,42.0,314.1592712402344,1.0
193,-0.9298931956291199,1.2771211862564087,-4.939716339111328,-0.9298931956291199,11.850910186767578,1.1850910186767578,0.35413891077041626,0.35413891077041626,0.6458610892295837,29.788585662841797,12.0,12.088876724243164,-2.4554195404052734,1.7806928157806396,42.0,314.1592712402344,1.0
194,-1.1581016778945923,1.493572473526001,-6.390472412109375,-1.1581016778945923,11.785747528076172,1.178574800491333,0.33041253685951233,0.33041253685951233,0.6695874929428101,29.788755416870117,12.0,12.090784072875977,-2.604426145553589,1.7809909582138062,42.0,314.1592712402344,1.0
195,-1.2722059488296509,1.6572307348251343,-7.293245315551758,-1.2722059488296509,11.709251403808594,1.1709251403808594,0.306943416595459,0.306943416595459,0.693056583404541,29.788745880126953,12.0,12.092680931091309,-2.579481363296509,1.7812838554382324,42.0,314.1592712402344,1.0
196,-1.50954270362854,1.952871561050415,-8.965250015258789,-1.50954270362854,11.62081241607666,1.162081241607666,0.2834988236427307,0.2834988236427307,0.7165011763572693,29.788944244384766,12.0,12.094686508178711,-2.859454870223999,1.7815909385681152,42.0,314.1592712402344,1.0
197,-1.6008261442184448,2.200998544692993,-10.371363639831543,-1.6008261442184448,11.52124309539795,1.152124285697937,0.2604239583015442,0.2604239583015442,0.7395760416984558,29.789052963256836,12.0,12.096755027770996,-3.0418307781219482,1.7818889617919922,42.0,314.1592712402344,1.0
198,-1.8427271842956543,2.216836452484131,-12.179673194885254,-1.8427271842956543,11.410037994384766,1.1410038471221924,0.23737508058547974,0.23737508058547974,0.7626249194145203,29.789281845092773,12.0,12.098942756652832,-3.435091257095337,1.7822016477584839,42.0,314.1592712402344,1.0
199,-2.0389864444732666,2.406891345977783,-12.994341850280762,-2.0389864444732666,11.28774642944336,1.128774642944336,0.21452116966247559,0.21452116966247559,0.7854788303375244,29.789539337158203,12.0,12.101097106933594,-3.311946153640747,1.7825214862823486,42.0,314.1592712402344,1.0
200,-2.308272361755371,2.6339011192321777,-13.943337440490723,-2.308272361755371,11.154258728027344,1.1154258251190186,0.19167858362197876,0.19167858362197876,0.8083214163780212,29.789379119873047,12.0,12.103240013122559,-3.268404483795166,1.782858967781067,42.0,314.1592712402344,1.0
201,-2.4223766326904297,2.9137041568756104,-15.709770202636719,-2.4223766326904297,11.009730339050293,1.1009730100631714,0.16930150985717773,0.16930150985717773,0.8306984901428223,29.789426803588867,12.0,12.105493545532227,-3.747089385986328,1.7831906080245972,42.0,314.1592712402344,1.0
202,-2.55017352104187,2.8925869464874268,-17.1087703704834,-2.55017352104187,10.854479789733887,1.0854480266571045,0.14738669991493225,0.14738669991493225,0.8526133298873901,29.789474487304688,12.0,12.10779857635498,-3.9923222064971924,1.78351891040802,42.0,314.1592712402344,1.0
203,-2.9016144275665283,3.0984795093536377,-18.46786880493164,-2.9016144275665283,10.688288688659668,1.068828821182251,0.12521818280220032,0.12521818280220032,0.8747818470001221,29.789342880249023,12.0,12.110148429870605,-4.2202229499816895,1.7838761806488037,42.0,314.1592712402344,1.0
204,-2.9883337020874023,3.341327428817749,-19.371429443359375,-2.9883337020874023,10.511859893798828,1.051185965538025,0.10377189517021179,0.10377189517021179,0.8962280750274658,29.78921127319336,12.0,12.112478256225586,-4.1096625328063965,1.7842236757278442,42.0,314.1592712402344,1.0
205,-3.225670576095581,3.5155444145202637,-20.861696243286133,-3.225670576095581,10.324688911437988,1.0324689149856567,0.08248832821846008,0.10000000149011612,0.8999999761581421,29.78917121887207,12.0,12.11487102508545,-4.485365867614746,1.7845830917358398,42.0,314.1592712402344,1.0
206,-3.0065903663635254,3.3730032444000244,-21.22438621520996,-3.0065903663635254,10.127610206604004,1.0127609968185425,0.06308883428573608,0.10000000149011612,0.8999999761581421,29.788951873779297,12.0,12.117172241210938,-3.9108567237854004,1.7848926782608032,42.0,314.1592712402344,1.0
207,-3.052232027053833,3.3149309158325195,-21.35910987854004,-3.052232027053833,9.920364379882812,0.9920364618301392,0.04452347755432129,0.10000000149011612,0.8999999761581421,29.788583755493164,12.0,12.119361877441406,-3.147672176361084,1.7851908206939697,42.0,314.1592712402344,1.0
208,-3.084181308746338,3.3571653366088867,-21.271400451660156,-3.084181308746338,9.703418731689453,0.9703418612480164,0.026850879192352295,0.10000000149011612,0.8999999761581421,29.78842544555664,12.0,12.121420860290527,-2.196213722229004,1.7854770421981812,42.0,314.1592712402344,1.0
209,-3.070488691329956,3.3202102184295654,-20.86130142211914,-3.070488691329956,9.476905822753906,0.9476906061172485,0.010239005088806152,0.10000000149011612,0.8999999761581421,29.788326263427734,12.0,12.123319625854492,-0.9553208351135254,1.7857468128204346,42.0,314.1592712402344,1.0
210,-3.1252589225769043,3.293813705444336,-21.404939651489258,-3.1252589225769043,9.24095630645752,0.924095630645752,-0.005671858787536621,0.10000000149011612,0.8999999761581421,29.78807830810547,12.0,12.125189781188965,-0.7155012488365173,1.7860100269317627,42.0,314.1592712402344,1.0
211,-3.03397536277771,3.2093448638916016,-21.134700775146484,-3.03397536277771,8.996061325073242,0.8996061086654663,-0.02026921510696411,0.10000000149011612,0.8999999761581421,29.787979125976562,12.0,12.126936912536621,0.35841917991638184,1.786250114440918,42.0,314.1592712402344,1.0
212,-3.047667980194092,3.3202102184295654,-21.13272476196289,-3.047667980194092,8.742047309875488,0.8742047548294067,-0.0340883731842041,0.10000000149011612,0.8999999761581421,29.787700653076172,12.0,12.128604888916016,1.1011075973510742,1.786481261253357,42.0,314.1592712402344,1.0
213,-3.0111546516418457,3.3254895210266113,-20.996816635131836,-3.0111546516418457,8.479658126831055,0.8479658365249634,-0.04693049192428589,0.10000000149011612,0.8999999761581421,29.787363052368164,12.0,12.13018798828125,1.9581854343414307,1.7866989374160767,42.0,314.1592712402344,1.0
214,-3.084181308746338,3.3254895210266113,-21.222410202026367,-3.084181308746338,8.208654403686523,0.8208654522895813,-0.05931752920150757,0.10000000149011612,0.8999999761581421,29.787263870239258,12.0,12.131733894348145,2.3542089462280273,1.7869164943695068,42.0,314.1592712402344,1.0
215,-3.0111546516418457,3.3307688236236572,-21.1323299407959,-3.0111546516418457,7.929726600646973,0.7929726839065552,-0.07067078351974487,0.10000000149011612,0.8999999761581421,29.786956787109375,12.0,12.133213996887207,3.092897653579712,1.787118911743164,42.0,314.1592712402344,1.0
216,-2.9563846588134766,3.293813705444336,-20.952960968017578,-2.9563846588134766,7.64288330078125,0.7642883062362671,-0.08114540576934814,0.10000000149011612,0.8999999761581421,29.786649703979492,12.0,12.134628295898438,3.896660804748535,1.7873096466064453,42.0,314.1592712402344,1.0
217,-3.102437973022461,3.293813705444336,-21.22438621520996,-3.102437973022461,7.348523139953613,0.7348523139953613,-0.09158217906951904,0.10000000149011612,0.8999999761581421,29.786462783813477,12.0,12.136027336120605,4.084702491760254,1.7875094413757324,42.0,314.1592712402344,1.0
218,-3.065924644470215,3.399399757385254,-20.998001098632812,-3.065924644470215,7.046958923339844,0.7046958804130554,-0.10123759508132935,0.10000000149011612,0.8999999761581421,29.786155700683594,12.0,12.137368202209473,4.8794450759887695,1.787700891494751,42.0,314.1592712402344,1.0
219,-3.0567963123321533,3.3677239418029785,-21.268239974975586,-3.0567963123321533,6.738337516784668,0.6738337278366089,-0.11031615734100342,0.10000000149011612,0.8999999761581421,29.785879135131836,12.0,12.138703346252441,4.967189788818359,1.7878875732421875,42.0,314.1592712402344,1.0
220,-3.065924644470215,3.3254895210266113,-21.314861297607422,-3.065924644470215,6.423233985900879,0.64232337474823,-0.11887979507446289,0.10000000149011612,0.8999999761581421,29.785633087158203,12.0,12.140015602111816,5.32119607925415,1.7880717515945435,42.0,314.1592712402344,1.0
221,-3.1252589225769043,3.3043723106384277,-20.498611450195312,-3.1252589225769043,6.1015777587890625,0.6101577877998352,-0.12713533639907837,0.10000000149011612,0.8999999761581421,29.785356521606445,12.0,12.141240119934082,6.814033508300781,1.7882580757141113,42.0,314.1592712402344,1.0
222,-3.138951301574707,3.351886034011841,-20.995630264282227,-3.138951301574707,5.7740797996521,0.577407956123352,-0.13494807481765747,0.10000000149011612,0.8999999761581421,29.78493309020996,12.0,12.142487525939941,6.392647743225098,1.7884429693222046,42.0,314.1592712402344,1.0
223,-3.0431036949157715,3.2726964950561523,-21.042646408081055,-3.0431036949157715,5.4407477378845215,0.5440747737884521,-0.1420026421546936,0.10000000149011612,0.8999999761581421,29.784868240356445,12.0,12.143725395202637,6.5892205238342285,1.7886189222335815,42.0,314.1592712402344,1.0
224,-3.0431036949157715,3.399399757385254,-21.222410202026367,-3.0431036949157715,5.102132797241211,0.5102132558822632,-0.1486760377883911,0.10000000149011612,0.8999999761581421,29.784652709960938,12.0,12.144963264465332,6.552462100982666,1.788793683052063,42.0,314.1592712402344,1.0
225,-3.03397536277771,3.3730032444000244,-20.587902069091797,-3.03397536277771,4.758455276489258,0.4758455157279968,-0.15494239330291748,0.10000000149011612,0.8999999761581421,29.78428840637207,12.0,12.146153450012207,7.67055606842041,1.7889671325683594,42.0,314.1592712402344,1.0
226,-3.084181308746338,3.351886034011841,-20.31371307373047,-3.084181308746338,4.410070419311523,0.4410070478916168,-0.16099858283996582,0.10000000149011612,0.8999999761581421,29.783924102783203,12.0,12.147323608398438,8.17725944519043,1.7891430854797363,42.0,314.1592712402344,1.0
227,-3.084181308746338,3.436354875564575,-21.22438621520996,-3.084181308746338,4.0573859214782715,0.40573859214782715,-0.16670912504196167,0.10000000149011612,0.8999999761581421,29.783679962158203,12.0,12.148541450500488,6.852534294128418,1.7893186807632446,42.0,314.1592712402344,1.0
228,-3.0202829837799072,3.388841152191162,-21.178556442260742,-3.0202829837799072,3.7006149291992188,0.3700614869594574,-0.17196327447891235,0.10000000149011612,0.8999999761581421,29.78325653076172,12.0,12.149754524230957,6.990528106689453,1.789491057395935,42.0,314.1592712402344,1.0
229,-3.0613603591918945,3.3624446392059326,-21.361480712890625,-3.0613603591918945,3.340297222137451,0.3340297341346741,-0.17697125673294067,0.10000000149011612,0.8999999761581421,29.783132553100586,12.0,12.150975227355957,6.7348504066467285,1.7896654605865479,42.0,314.1592712402344,1.0
230,-3.0248470306396484,3.3624446392059326,-20.589481353759766,-3.0248470306396484,2.9765658378601074,0.2976565957069397,-0.1816067099571228,0.10000000149011612,0.8999999761581421,29.782800674438477,12.0,12.152165412902832,7.923795700073242,1.789838433265686,42.0,314.1592712402344,1.0
231,-3.120694637298584,3.3624446392059326,-21.086105346679688,-3.120694637298584,2.609980821609497,0.26099807024002075,-0.18608111143112183,0.10000000149011612,0.8999999761581421,29.78255844116211,12.0,12.153374671936035,7.0528364181518555,1.7900152206420898,42.0,314.1592712402344,1.0
232,-3.0613603591918945,3.346606731414795,-21.22319984436035,-3.0613603591918945,2.240772008895874,0.22407719492912292,-0.1901354193687439,0.10000000149011612,0.8999999761581421,29.782255172729492,12.0,12.15458869934082,6.742988109588623,1.7901904582977295,42.0,314.1592712402344,1.0
233,-3.0613603591918945,3.336048126220703,-21.269426345825195,-3.0613603591918945,1.8693771362304688,0.18693771958351135,-0.19386142492294312,0.10000000149011612,0.8999999761581421,29.781951904296875,12.0,12.155806541442871,6.550673961639404,1.7903660535812378,42.0,314.1592712402344,1.0
234,-3.03397536277771,3.3043723106384277,-20.860511779785156,-3.03397536277771,1.4961369037628174,0.14961369335651398,-0.19722133874893188,0.10000000149011612,0.8999999761581421,29.78144073486328,12.0,12.157017707824707,7.046655178070068,1.7905415296554565,42.0,314.1592712402344,1.0
235,-3.065924644470215,3.457472085952759,-21.312885284423828,-3.065924644470215,1.1214089393615723,0.11214089393615723,-0.20027059316635132,0.10000000149011612,0.8999999761581421,29.78108024597168,12.0,12.15823745727539,6.116072177886963,1.7907178401947021,42.0,314.1592712402344,1.0
236,-3.0613603591918945,3.399399757385254,-21.17816162109375,-3.0613603591918945,0.7455899715423584,0.07455899566411972,-0.20292246341705322,0.10000000149011612,0.8999999761581421,29.780750274658203,12.0,12.159457206726074,6.1229143142700195,1.7908942699432373,42.0,314.1592712402344,1.0
237,-3.0294113159179688,3.3096516132354736,-20.724206924438477,-3.0294113159179688,0.3690182864665985,0.03690182790160179,-0.20520418882369995,0.10000000149011612,0.8999999761581421,29.780330657958984,12.0,12.160676002502441,6.598722457885742,1.791070580482483,42.0,314.1592712402344,1.0
238,-3.0796170234680176,3.3571653366088867,-20.63294219970703,-3.0796170234680176,-0.007909391075372696,-0.0007909390842542052,-0.20704936981201172,0.10000000149011612,0.8999999761581421,29.780149459838867,12.0,12.161894798278809,6.435085296630859,1.7912468910217285,42.0,314.1592712402344,1.0
239,-3.0933096408843994,3.388841152191162,-20.634916305541992,-3.0933096408843994,-0.3848276734352112,-0.03848276659846306,-0.2084592580795288,0.10000000149011612,0.8999999761581421,29.779788970947266,12.0,12.163111686706543,6.093318939208984,1.791422963142395,42.0,314.1592712402344,1.0
240,-3.084181308746338,3.446913480758667,-20.858930587768555,-3.084181308746338,-0.7613707780838013,-0.07613708078861237,-0.20938509702682495,0.10000000149011612,0.8999999761581421,29.77948760986328,12.0,12.164323806762695,5.378442764282227,1.7915987968444824,42.0,314.1592712402344,1.0
241,-2.9883337020874023,3.3571653366088867,-21.179346084594727,-2.9883337020874023,-1.1371564865112305,-0.11371564865112305,-0.20990097522735596,0.10000000149011612,0.8999999761581421,29.779218673706055,12.0,12.16552734375,4.510552406311035,1.7917755842208862,42.0,314.1592712402344,1.0
242,-3.0796170234680176,3.4627513885498047,-21.133121490478516,-3.0796170234680176,-1.5118203163146973,-0.15118202567100525,-0.2098134160041809,0.10000000149011612,0.8999999761581421,29.778980255126953,12.0,12.166727066040039,4.230379581451416,1.79194974899292,42.0,314.1592712402344,1.0
243,-3.047667980194092,3.4099583625793457,-20.95138168334961,-3.047667980194092,-1.885006070137024,-0.18850061297416687,-0.20919924974441528,0.10000000149011612,0.8999999761581421,29.77880096435547,12.0,12.167925834655762,4.141963005065918,1.792123794555664,42.0,314.1592712402344,1.0
244,-3.0933096408843994,3.457472085952759,-21.35910987854004,-3.0933096408843994,-2.2563014030456543,-0.22563013434410095,-0.2079368233680725,0.10000000149011612,0.8999999761581421,29.778501510620117,12.0,12.16910457611084,3.101280450820923,1.792295217514038,42.0,314.1592712402344,1.0
245,-3.052232027053833,3.4785892963409424,-20.906341552734375,-3.052232027053833,-2.62542986869812,-0.2625429928302765,-0.20610249042510986,0.10000000149011612,0.8999999761581421,29.778352737426758,12.0,12.170289993286133,3.4196228981018066,1.792466640472412,42.0,314.1592712402344,1.0
246,-3.002026319503784,3.2568585872650146,-20.632545471191406,-3.002026319503784,-2.991880178451538,-0.2991880178451538,-0.20375853776931763,0.10000000149011612,0.8999999761581421,29.77808380126953,12.0,12.171475410461426,3.409526824951172,1.7926384210586548,42.0,314.1592712402344,1.0
247,-3.0613603591918945,3.3571653366088867,-21.08768653869629,-3.0613603591918945,-3.3554673194885254,-0.33554673194885254,-0.20058465003967285,0.10000000149011612,0.8999999761581421,29.777755737304688,12.0,12.172627449035645,2.252384901046753,1.792805552482605,42.0,314.1592712402344,1.0
248,-3.1070022583007812,3.3730032444000244,-20.906736373901367,-3.1070022583007812,-3.715663433074951,-0.3715663552284241,-0.1965925097465515,0.10000000149011612,0.8999999761581421,29.77739906311035,12.0,12.173772811889648,2.0928404331207275,1.7929682731628418,42.0,314.1592712402344,1.0
249,-3.0613603591918945,3.399399757385254,-21.63014030456543,-3.0613603591918945,-4.072244644165039,-0.40722447633743286,-0.1919388771057129,0.10000000149011612,0.8999999761581421,29.777252197265625,12.0,12.1748628616333,0.5564835071563721,1.7931311130523682,42.0,314.1592712402344,1.0
250,-3.1252589225769043,3.394120454788208,-21.08966064453125,-3.1252589225769043,-4.424790382385254,-0.44247904419898987,-0.1863345503807068,0.10000000149011612,0.8999999761581421,29.777015686035156,12.0,12.175969123840332,0.9520035982131958,1.7932875156402588,42.0,314.1592712402344,1.0
251,-3.0796170234680176,3.2779757976531982,-20.95138168334961,-3.0796170234680176,-4.772952079772949,-0.4772952198982239,-0.18006956577301025,0.10000000149011612,0.8999999761581421,29.776718139648438,12.0,12.177063941955566,0.7050602436065674,1.793444037437439,42.0,314.1592712402344,1.0
252,-3.03397536277771,3.346606731414795,-20.679561614990234,-3.03397536277771,-5.116469860076904,-0.5116469860076904,-0.17311453819274902,0.10000000149011612,0.8999999761581421,29.776599884033203,12.0,12.178155899047852,0.6360938549041748,1.7936004400253296,42.0,314.1592712402344,1.0
253,-3.065924644470215,3.3730032444000244,-21.313674926757812,-3.065924644470215,-5.454829692840576,-0.5454829931259155,-0.16520565748214722,0.10000000149011612,0.8999999761581421,29.77633285522461,12.0,12.179177284240723,-0.741496741771698,1.7937510013580322,42.0,314.1592712402344,1.0
254,-3.052232027053833,3.4310755729675293,-21.267845153808594,-3.052232027053833,-5.787967205047607,-0.5787967443466187,-0.15645426511764526,0.10000000149011612,0.8999999761581421,29.77588653564453,12.0,12.18017864227295,-1.1091166734695435,1.7938988208770752,42.0,314.1592712402344,1.0
255,-3.0111546516418457,3.399399757385254,-20.725391387939453,-3.0111546516418457,-6.115189552307129,-0.6115189790725708,-0.14700037240982056,0.10000000149011612,0.8999999761581421,29.775562286376953,12.0,12.181198120117188,-0.7992798686027527,1.7940460443496704,42.0,314.1592712402344,1.0
256,-3.084181308746338,3.4205169677734375,-20.99602508544922,-3.084181308746338,-6.436544418334961,-0.643654465675354,-0.13634681701660156,0.10000000149011612,0.8999999761581421,29.775238037109375,12.0,12.182164192199707,-1.6286402940750122,1.794182538986206,42.0,314.1592712402344,1.0
257,-3.047667980194092,3.4627513885498047,-21.22399139404297,-3.047667980194092,-6.751434803009033,-0.6751434803009033,-0.12490659952163696,0.10000000149011612,0.8999999761581421,29.77500343322754,12.0,12.183079719543457,-2.36983060836792,1.7943180799484253,42.0,314.1592712402344,1.0
258,-3.1070022583007812,3.4099583625793457,-21.04067039489746,-3.1070022583007812,-7.059720993041992,-0.7059720754623413,-0.11230576038360596,0.10000000149011612,0.8999999761581421,29.774797439575195,12.0,12.183981895446777,-2.5536911487579346,1.7944432497024536,42.0,314.1592712402344,1.0
259,-3.047667980194092,3.346606731414795,-21.225570678710938,-3.047667980194092,-7.361050128936768,-0.7361050248146057,-0.09898847341537476,0.10000000149011612,0.8999999761581421,29.77456283569336,12.0,12.184833526611328,-3.21026611328125,1.794569492340088,42.0,314.1592712402344,1.0
260,-3.0796170234680176,3.3202102184295654,-20.770431518554688,-3.0796170234680176,-7.655046463012695,-0.7655046582221985,-0.08462637662887573,0.10000000149011612,0.8999999761581421,29.774356842041016,12.0,12.185697555541992,-3.0566658973693848,1.794687271118164,42.0,314.1592712402344,1.0
261,-3.0978739261627197,3.399399757385254,-20.815471649169922,-3.0978739261627197,-7.9416375160217285,-0.7941637635231018,-0.06922584772109985,0.10000000149011612,0.8999999761581421,29.774150848388672,12.0,12.186519622802734,-3.5323357582092285,1.7947978973388672,42.0,314.1592712402344,1.0
262,-3.0431036949157715,3.3782825469970703,-21.1339111328125,-3.0431036949157715,-8.220174789428711,-0.8220174908638,-0.053111255168914795,0.10000000149011612,0.8999999761581421,29.773944854736328,12.0,12.187268257141113,-4.3088908195495605,1.7949092388153076,42.0,314.1592712402344,1.0
263,-2.9928979873657227,3.399399757385254,-21.31170082092285,-2.9928979873657227,-8.490839004516602,-0.8490839004516602,-0.03624451160430908,0.10000000149011612,0.8999999761581421,29.773740768432617,12.0,12.187959671020508,-4.885726451873779,1.7950204610824585,42.0,314.1592712402344,1.0
264,-3.0202829837799072,3.388841152191162,-20.769245147705078,-3.0202829837799072,-8.752880096435547,-0.8752880096435547,-0.018371522426605225,0.10000000149011612,0.8999999761581421,29.77362632751465,12.0,12.188675880432129,-4.650631427764893,1.7951222658157349,42.0,314.1592712402344,1.0
265,-3.1070022583007812,3.4627513885498047,-20.67719078063965,-3.1070022583007812,-9.00646686553955,-0.9006466865539551,0.0007677674293518066,0.10000000149011612,0.8999999761581421,29.773303985595703,12.0,12.189360618591309,-4.9257307052612305,1.7952075004577637,42.0,314.1592712402344,1.0
266,-3.0111546516418457,3.4680306911468506,-20.768850326538086,-3.0111546516418457,-9.251062393188477,-0.9251062273979187,0.020421206951141357,0.10000000149011612,0.8999999761581421,29.773160934448242,12.0,12.189990043640137,-5.380246639251709,1.79529869556427,42.0,314.1592712402344,1.0
267,-3.102437973022461,3.3043723106384277,-21.222410202026367,-3.102437973022461,-9.486557006835938,-0.9486557245254517,0.04133516550064087,0.10000000149011612,0.8999999761581421,29.7730770111084,12.0,12.190518379211426,-6.163695335388184,1.7953718900680542,42.0,314.1592712402344,1.0
268,-3.0248470306396484,3.4257962703704834,-21.22399139404297,-3.0248470306396484,-9.712759017944336,-0.9712759256362915,0.06280353665351868,0.10000000149011612,0.8999999761581421,29.772754669189453,12.0,12.191004753112793,-6.469624996185303,1.795448899269104,42.0,314.1592712402344,1.0
269,-3.065924644470215,3.299093008041382,-20.90752601623535,-3.065924644470215,-9.929227828979492,-0.9929227828979492,0.08524087071418762,0.10000000149011612,0.8999999761581421,29.772611618041992,12.0,12.191489219665527,-6.477060317993164,1.7955138683319092,42.0,314.1592712402344,1.0
270,-3.102437973022461,3.4205169677734375,-21.315256118774414,-3.102437973022461,-10.136150360107422,-1.0136150121688843,0.1086471676826477,0.1086471676826477,0.8913528323173523,29.772735595703125,12.0,12.191873550415039,-7.113080024719238,1.7955673933029175,42.0,314.1592712402344,1.0
271,-2.787510395050049,3.2621378898620605,-20.816261291503906,-2.787510395050049,-10.332735061645508,-1.033273458480835,0.13165786862373352,0.13165786862373352,0.8683421611785889,29.772621154785156,12.0,12.192282676696777,-6.965405464172363,1.795657753944397,42.0,314.1592712402344,1.0
272,-2.614071846008301,2.9981729984283447,-19.956947326660156,-2.614071846008301,-10.519421577453613,-1.0519421100616455,0.15480217337608337,0.15480217337608337,0.8451977968215942,29.77265739440918,12.0,12.192764282226562,-6.567273139953613,1.7957634925842285,42.0,314.1592712402344,1.0
273,-2.5045318603515625,2.723649263381958,-17.964923858642578,-2.5045318603515625,-10.69548511505127,-1.069548487663269,0.1782320737838745,0.1782320737838745,0.8217679262161255,29.77254295349121,12.0,12.193474769592285,-5.403314113616943,1.7958749532699585,42.0,314.1592712402344,1.0
274,-2.239809989929199,2.728928565979004,-16.88080596923828,-2.239809989929199,-10.861152648925781,-1.0861152410507202,0.20148351788520813,0.20148351788520813,0.7985165119171143,29.7723388671875,12.0,12.194272994995117,-4.98924446105957,1.7960140705108643,42.0,314.1592712402344,1.0
275,-2.0070371627807617,2.412170648574829,-15.794713973999023,-2.0070371627807617,-11.016050338745117,-1.1016050577163696,0.2246786653995514,0.2246786653995514,0.775321364402771,29.772642135620117,12.0,12.195155143737793,-4.629031181335449,1.7961748838424683,42.0,314.1592712402344,1.0
276,-1.906625509262085,2.1904399394989014,-14.392946243286133,-1.906625509262085,-11.160039901733398,-1.1160039901733398,0.2481796145439148,0.2481796145439148,0.7518203854560852,29.772855758666992,12.0,12.196162223815918,-4.134390354156494,1.7963366508483887,42.0,314.1592712402344,1.0
277,-1.6419036388397217,2.0795748233795166,-13.129461288452148,-1.6419036388397217,-11.29316520690918,-1.1293165683746338,0.27155107259750366,0.27155107259750366,0.7284489274024963,29.772951126098633,12.0,12.197267532348633,-3.7825376987457275,1.7965238094329834,42.0,314.1592712402344,1.0
278,-1.4045668840408325,1.8420062065124512,-11.271370887756348,-1.4045668840408325,-11.41490650177002,-1.1414906978607178,0.29485777020454407,0.29485777020454407,0.7051422595977783,29.773195266723633,12.0,12.198554992675781,-3.1912832260131836,1.7967309951782227,42.0,314.1592712402344,1.0
279,-1.2356925010681152,1.7416995763778687,-10.230712890625,-1.2356925010681152,-11.525715827941895,-1.1525715589523315,0.3182932138442993,0.3182932138442993,0.6817067861557007,29.773408889770508,12.0,12.199891090393066,-3.050734281539917,1.79694664478302,42.0,314.1592712402344,1.0
280,-0.9983557462692261,1.5094103813171387,-8.875170707702637,-0.9983557462692261,-11.624749183654785,-1.1624748706817627,0.34169626235961914,0.34169626235961914,0.6583037376403809,29.773622512817383,12.0,12.20132064819336,-2.8113396167755127,1.7971806526184082,42.0,314.1592712402344,1.0
281,-0.8614306449890137,1.1979316473007202,-7.924988746643066,-0.8614306449890137,-11.71262264251709,-1.171262264251709,0.3652663230895996,0.3652663230895996,0.6347336769104004,29.773897171020508,12.0,12.202774047851562,-2.755244493484497,1.7974165678024292,42.0,314.1592712402344,1.0
282,-0.6560429930686951,1.129300832748413,-5.572249412536621,-0.6560429930686951,-11.788738250732422,-1.1788737773895264,0.3888535797595978,0.3888535797595978,0.6111464500427246,29.774141311645508,12.0,12.204469680786133,-2.2951197624206543,1.797664761543274,42.0,314.1592712402344,1.0
283,-0.47347620129585266,1.0131561756134033,-5.030981063842773,-0.47347620129585266,-11.853325843811035,-1.1853325366973877,0.4125123620033264,0.4125123620033264,0.5874876379966736,29.774293899536133,12.0,12.206110000610352,-2.3812460899353027,1.797921061515808,42.0,314.1592712402344,1.0
284,-0.33655110001564026,0.9022908806800842,-4.080402374267578,-0.33655110001564026,-11.906229019165039,-1.1906229257583618,0.43627282977104187,0.43627282977104187,0.5637271404266357,29.774566650390625,12.0,12.207761764526367,-2.366816520690918,1.798177719116211,42.0,314.1592712402344,1.0
285,-0.1265992820262909,0.7914255857467651,-2.497687339782715,-0.1265992820262909,-11.947275161743164,-1.1947275400161743,0.46004748344421387,0.46004748344421387,0.5399525165557861,29.774778366088867,12.0,12.209524154663086,-2.2633821964263916,1.7984460592269897,42.0,314.1592712402344,1.0
286,-0.10377843677997589,0.7175154089927673,-1.7300338745117188,-0.10377843677997589,-11.97675895690918,-1.1976759433746338,0.4839319586753845,0.4839319586753845,0.5160680413246155,29.77507972717285,12.0,12.211260795593262,-2.2789981365203857,1.7986958026885986,42.0,314.1592712402344,1.0
287,0.0696600154042244,0.5327399373054504,-0.5514917373657227,0.0696600154042244,-11.994098663330078,-1.19940984249115,0.5078279376029968,0.5078279376029968,0.4921720623970032,29.775381088256836,12.0,12.213037490844727,-2.2663991451263428,1.7989517450332642,42.0,314.1592712402344,1.0
288,0.13812255859375,0.48522621393203735,-0.010222434997558594,0.13812255859375,-11.999951362609863,-1.1999951601028442,0.5317186117172241,0.5317186117172241,0.4682813882827759,29.775861740112305,12.0,12.214750289916992,-2.2657976150512695,1.7991968393325806,42.0,314.1592712402344,1.0
289,0.3435102105140686,0.26877492666244507,1.0750789642333984,0.3435102105140686,-11.993612289428711,-1.1993612051010132,0.555597186088562,0.555597186088562,0.444402813911438,29.776134490966797,12.0,12.216489791870117,-2.273998737335205,1.7994532585144043,42.0,314.1592712402344,1.0
290,0.46217861771583557,0.10511662811040878,1.8901424407958984,0.46217861771583557,-11.975690841674805,-1.1975691318511963,0.5794066786766052,0.5794066786766052,0.4205933213233948,29.77637481689453,12.0,12.218210220336914,-2.262103319168091,1.7997068166732788,42.0,314.1592712402344,1.0
291,0.5580261945724487,0.047044333070516586,3.2484493255615234,0.5580261945724487,-11.945820808410645,-1.1945821046829224,0.6031036376953125,0.6031036376953125,0.3968963623046875,29.776615142822266,12.0,12.219999313354492,-2.327157497406006,1.7999540567398071,42.0,314.1592712402344,1.0
292,0.8181838393211365,-0.2221999615430832,4.017683029174805,0.8181838393211365,-11.904196739196777,-1.1904196739196777,0.6268143653869629,0.6268143653869629,0.3731856346130371,29.776796340942383,12.0,12.221759796142578,-2.2914183139801025,1.8002212047576904,42.0,314.1592712402344,1.0
293,1.1285474300384521,-0.3647410571575165,5.057549476623535,1.1285474300384521,-11.850908279418945,-1.1850907802581787,0.6505960822105408,0.6505960822105408,0.34940391778945923,29.7769775390625,12.0,12.223536491394043,-2.3171019554138184,1.8005151748657227,42.0,314.1592712402344,1.0
294,1.2654725313186646,-0.6287060379981995,6.776176452636719,1.2654725313186646,-11.785746574401855,-1.1785746812820435,0.6742067337036133,0.6742067337036133,0.3257932662963867,29.777158737182617,12.0,12.225434303283691,-2.5502145290374756,1.8008073568344116,42.0,314.1592712402344,1.0
295,1.4434751272201538,-0.6867783665657043,7.9515581130981445,1.4434751272201538,-11.709249496459961,-1.1709249019622803,0.6976725459098816,0.6976725459098816,0.3023274540901184,29.777250289916992,12.0,12.227363586425781,-2.6199495792388916,1.8011044263839722,42.0,314.1592712402344,1.0
296,1.7173253297805786,-0.8609952330589294,9.399944305419922,1.7173253297805786,-11.620809555053711,-1.162081003189087,0.7211720943450928,0.7211720943450928,0.2788279056549072,29.777341842651367,12.0,12.229365348815918,-2.805617332458496,1.801421046257019,42.0,314.1592712402344,1.0
297,1.890763759613037,-1.2463841438293457,10.305481910705566,1.890763759613037,-11.521240234375,-1.152124047279358,0.7444503307342529,0.7444503307342529,0.25554966926574707,29.777612686157227,12.0,12.231351852416992,-2.7642390727996826,1.8017407655715942,42.0,314.1592712402344,1.0
298,2.1372289657592773,-1.3994837999343872,12.022527694702148,2.1372289657592773,-11.410036087036133,-1.1410036087036133,0.7676852941513062,0.7676852941513062,0.23231470584869385,29.77776336669922,12.0,12.23344898223877,-3.123718500137329,1.8020745515823364,42.0,314.1592712402344,1.0
299,2.1600496768951416,-1.4892319440841675,13.47170352935791,2.1600496768951416,-11.28774356842041,-1.1287744045257568,0.7902750372886658,0.7902750372886658,0.20972496271133423,29.77782440185547,12.0,12.235610961914062,-3.357415199279785,1.8023884296417236,42.0,314.1592712402344,1.0
300,2.3836941719055176,-1.7162418365478516,14.738349914550781,2.3836941719055176,-11.154254913330078,-1.11542546749115,0.8127396106719971,0.8127396106719971,0.18726038932800293,29.778003692626953,12.0,12.237808227539062,-3.496497631072998,1.8027135133743286,42.0,314.1592712402344,1.0
301,2.6438517570495605,-1.8799000978469849,16.006576538085938,2.6438517570495605,-11.009726524353027,-1.1009726524353027,0.8351668119430542,0.8351668119430542,0.1648331880569458,29.777944564819336,12.0,12.240039825439453,-3.645951747894287,1.803054690361023,42.0,314.1592712402344,1.0
302,2.8127260208129883,-2.043558359146118,16.819271087646484,2.8127260208129883,-10.854475021362305,-1.0854475498199463,0.8572167158126831,0.8572167158126831,0.1427832841873169,29.778093338012695,12.0,12.242238998413086,-3.4960339069366455,1.8033978939056396,42.0,314.1592712402344,1.0
303,3.050062894821167,-2.2388925552368164,18.90137481689453,3.050062894821167,-10.688283920288086,-1.0688283443450928,0.879150927066803,0.879150927066803,0.12084907293319702,29.778093338012695,12.0,12.244589805603027,-4.270785808563232,1.8037530183792114,42.0,314.1592712402344,1.0
304,3.1459105014801025,-2.4870195388793945,19.894227981567383,3.1459105014801025,-10.51185417175293,-1.0511853694915771,0.9004014730453491,0.8999999761581421,0.10000000149011612,29.778034210205078,12.0,12.246932029724121,-4.225263595581055,1.8040999174118042,42.0,314.1592712402344,1.0
305,3.3923757076263428,-2.4447851181030273,20.93567657470703,3.3923757076263428,-10.324684143066406,-1.0324684381484985,0.9215049743652344,0.8999999761581421,0.10000000149011612,29.77812385559082,12.0,12.249275207519531,-4.229884624481201,1.8044599294662476,42.0,314.1592712402344,1.0
306,3.2143731117248535,-2.3286404609680176,21.025360107421875,3.2143731117248535,-10.127605438232422,-1.0127605199813843,0.9408566951751709,0.8999999761581421,0.10000000149011612,29.778242111206055,12.0,12.251492500305176,-3.4341988563537598,1.804775595664978,42.0,314.1592712402344,1.0
307,3.223501443862915,-2.3814334869384766,21.431509017944336,3.223501443862915,-9.920355796813965,-0.9920355677604675,0.9592347145080566,0.8999999761581421,0.10000000149011612,29.77836036682129,12.0,12.253636360168457,-2.938042163848877,1.8050748109817505,42.0,314.1592712402344,1.0
308,3.18698787689209,-2.460623025894165,21.659870147705078,3.18698787689209,-9.703411102294922,-0.9703410863876343,0.9764785170555115,0.8999999761581421,0.10000000149011612,29.778539657592773,12.0,12.255691528320312,-2.2938239574432373,1.8053532838821411,42.0,314.1592712402344,1.0
309,3.123089551925659,-2.465902328491211,21.388050079345703,3.123089551925659,-9.476898193359375,-0.9476898312568665,0.9925039410591125,0.8999999761581421,0.10000000149011612,29.778657913208008,12.0,12.257604598999023,-1.1837506294250488,1.8056092262268066,42.0,314.1592712402344,1.0
310,3.2371938228607178,-2.455343723297119,21.252532958984375,3.2371938228607178,-9.240948677062988,-0.9240948557853699,1.0080721378326416,0.8999999761581421,0.10000000149011612,29.778776168823242,12.0,12.259403228759766,-0.2432541847229004,1.8058665990829468,42.0,314.1592712402344,1.0
311,3.173295497894287,-2.4342265129089355,21.025360107421875,3.173295497894287,-8.996054649353027,-0.8996054530143738,1.022458553314209,0.8999999761581421,0.10000000149011612,29.778894424438477,12.0,12.261087417602539,0.7608007788658142,1.806104302406311,42.0,314.1592712402344,1.0
312,3.1504745483398438,-2.4395058155059814,21.750343322753906,3.1504745483398438,-8.742039680480957,-0.8742039799690247,1.0359628200531006,0.8999999761581421,0.10000000149011612,29.77886390686035,12.0,12.262779235839844,0.6892661452293396,1.8063291311264038,42.0,314.1592712402344,1.0
313,3.1276538372039795,-2.407829999923706,21.57018280029297,3.1276538372039795,-8.479650497436523,-0.8479650616645813,1.0485657453536987,0.8999999761581421,0.10000000149011612,29.77877426147461,12.0,12.264378547668457,1.6154228448867798,1.806542158126831,42.0,314.1592712402344,1.0
314,3.2280654907226562,-2.455343723297119,21.29718017578125,3.2280654907226562,-8.208648681640625,-0.8208648562431335,1.0608208179473877,0.8999999761581421,0.10000000149011612,29.778743743896484,12.0,12.265885353088379,2.6065378189086914,1.8067582845687866,42.0,314.1592712402344,1.0
315,3.2873997688293457,-2.460623025894165,20.98150634765625,3.2873997688293457,-7.929718971252441,-0.7929719090461731,1.0725387334823608,0.8999999761581421,0.10000000149011612,29.778982162475586,12.0,12.267304420471191,3.601162910461426,1.8069732189178467,42.0,314.1592712402344,1.0
316,3.0911405086517334,-2.40255069732666,21.523170471191406,3.0911405086517334,-7.6428728103637695,-0.7642872929573059,1.0828142166137695,0.8999999761581421,0.10000000149011612,29.77901268005371,12.0,12.268731117248535,3.49338698387146,1.807161569595337,42.0,314.1592712402344,1.0
317,3.1093971729278564,-2.4922988414764404,21.613643646240234,3.1093971729278564,-7.348512649536133,-0.7348512411117554,1.0925846099853516,0.8999999761581421,0.10000000149011612,29.779071807861328,12.0,12.270124435424805,3.9278314113616943,1.8073468208312988,42.0,314.1592712402344,1.0
318,3.104832887649536,-2.413109302520752,21.117021560668945,3.104832887649536,-7.046950340270996,-0.7046950459480286,1.1017556190490723,0.8999999761581421,0.10000000149011612,29.779220581054688,12.0,12.271434783935547,5.07745885848999,1.8075274229049683,42.0,314.1592712402344,1.0
319,3.2143731117248535,-2.4870195388793945,21.20709991455078,3.2143731117248535,-6.738328456878662,-0.6738328337669373,1.1108291149139404,0.8999999761581421,0.10000000149011612,29.779220581054688,12.0,12.272723197937012,5.3915300369262695,1.8077142238616943,42.0,314.1592712402344,1.0
320,3.1504745483398438,-2.5345332622528076,21.07158660888672,3.1504745483398438,-6.423223972320557,-0.6423224210739136,1.119124412536621,0.8999999761581421,0.10000000149011612,29.779220581054688,12.0,12.273975372314453,5.967687129974365,1.8078922033309937,42.0,314.1592712402344,1.0
321,3.1276538372039795,-2.51869535446167,21.523563385009766,3.1276538372039795,-6.10156774520874,-0.610156774520874,1.1269174814224243,0.8999999761581421,0.10000000149011612,29.779251098632812,12.0,12.275243759155273,5.688327789306641,1.8080658912658691,42.0,314.1592712402344,1.0
322,3.155038833618164,-2.4447851181030273,21.298362731933594,3.155038833618164,-5.774069786071777,-0.5774070024490356,1.1343597173690796,0.8999999761581421,0.10000000149011612,29.779251098632812,12.0,12.276476860046387,6.329046249389648,1.8082398176193237,42.0,314.1592712402344,1.0
323,3.260014772415161,-2.455343723297119,21.116230010986328,3.260014772415161,-5.440739631652832,-0.5440739393234253,1.1417176723480225,0.8999999761581421,0.10000000149011612,29.77945899963379,12.0,12.27768325805664,6.8528337478637695,1.8084198236465454,42.0,314.1592712402344,1.0
324,3.241758108139038,-2.4817402362823486,21.297969818115234,3.241758108139038,-5.1021246910095215,-0.5102124810218811,1.1485934257507324,0.8999999761581421,0.10000000149011612,29.779489517211914,12.0,12.278891563415527,6.798873424530029,1.8085970878601074,42.0,314.1592712402344,1.0
325,3.136782169342041,-2.4447851181030273,21.432300567626953,3.136782169342041,-4.7584428787231445,-0.47584429383277893,1.1547865867614746,0.8999999761581421,0.10000000149011612,29.779489517211914,12.0,12.28010082244873,6.780137062072754,1.8087667226791382,42.0,314.1592712402344,1.0
326,3.1641671657562256,-2.508136749267578,21.704116821289062,3.1641671657562256,-4.410057544708252,-0.44100576639175415,1.160742998123169,0.8999999761581421,0.10000000149011612,29.77954864501953,12.0,12.281320571899414,6.522104263305664,1.8089375495910645,42.0,314.1592712402344,1.0
327,3.1459105014801025,-2.4764609336853027,21.162059783935547,3.1459105014801025,-4.057374954223633,-0.4057374894618988,1.166303277015686,0.8999999761581421,0.10000000149011612,29.779666900634766,12.0,12.282505989074707,7.45552396774292,1.8091071844100952,42.0,314.1592712402344,1.0
328,3.2691431045532227,-2.471181631088257,21.205915451049805,3.2691431045532227,-3.70060396194458,-0.37006038427352905,1.1718494892120361,0.8999999761581421,0.10000000149011612,29.77960777282715,12.0,12.283692359924316,7.427913188934326,1.809282898902893,42.0,314.1592712402344,1.0
329,3.1596028804779053,-2.571488380432129,21.252140045166016,3.1596028804779053,-3.3402862548828125,-0.3340286314487457,1.1767985820770264,0.8999999761581421,0.10000000149011612,29.77954864501953,12.0,12.284880638122559,7.359289646148682,1.8094537258148193,42.0,314.1592712402344,1.0
330,3.1093971729278564,-2.5028574466705322,21.659473419189453,3.1093971729278564,-2.9765548706054688,-0.29765549302101135,1.1813900470733643,0.8999999761581421,0.10000000149011612,29.77954864501953,12.0,12.286086082458496,6.69849157333374,1.809622883796692,42.0,314.1592712402344,1.0
331,3.104832887649536,-2.51869535446167,21.299156188964844,3.104832887649536,-2.6099698543548584,-0.2609969973564148,1.1856880187988281,0.8999999761581421,0.10000000149011612,29.779428482055664,12.0,12.28727912902832,7.219305992126465,1.809792399406433,42.0,314.1592712402344,1.0
332,3.1778595447540283,-2.4342265129089355,21.342613220214844,3.1778595447540283,-2.2407631874084473,-0.2240763157606125,1.1898044347763062,0.8999999761581421,0.10000000149011612,29.779428482055664,12.0,12.288475036621094,7.047469139099121,1.8099645376205444,42.0,314.1592712402344,1.0
333,3.1824238300323486,-2.4870195388793945,21.433483123779297,3.1824238300323486,-1.8693684339523315,-0.18693684041500092,1.1936018466949463,0.8999999761581421,0.10000000149011612,29.77939796447754,12.0,12.28967571258545,6.769728183746338,1.810137152671814,42.0,314.1592712402344,1.0
334,3.1413462162017822,-2.4395058155059814,21.25135040283203,3.1413462162017822,-1.4961235523223877,-0.14961235225200653,1.1970224380493164,0.8999999761581421,0.10000000149011612,29.779308319091797,12.0,12.290874481201172,6.8965582847595215,1.8103092908859253,42.0,314.1592712402344,1.0
335,3.255450487136841,-2.460623025894165,21.523563385009766,3.255450487136841,-1.121395468711853,-0.11213954538106918,1.2001821994781494,0.8999999761581421,0.10000000149011612,29.77924919128418,12.0,12.29207992553711,6.258585453033447,1.810483455657959,42.0,314.1592712402344,1.0
336,3.18698787689209,-2.471181631088257,21.026151657104492,3.18698787689209,-0.7455787658691406,-0.07455787807703018,1.2028906345367432,0.8999999761581421,0.10000000149011612,29.779308319091797,12.0,12.293281555175781,6.834193706512451,1.8106571435928345,42.0,314.1592712402344,1.0
337,3.223501443862915,-2.4817402362823486,21.25135040283203,3.223501443862915,-0.36900708079338074,-0.036900706589221954,1.2052336931228638,0.8999999761581421,0.10000000149011612,29.779129028320312,12.0,12.294485092163086,6.1940717697143555,1.8108311891555786,42.0,314.1592712402344,1.0
338,3.1413462162017822,-2.555650472640991,21.523563385009766,3.1413462162017822,0.007919114083051682,0.0007919113850221038,1.2071384191513062,0.8999999761581421,0.10000000149011612,29.779159545898438,12.0,12.29568862915039,5.4717793464660645,1.8110052347183228,42.0,314.1592712402344,1.0
339,3.1276538372039795,-2.4395058155059814,21.388050079345703,3.1276538372039795,0.3848377466201782,0.03848377615213394,1.2086471319198608,0.8999999761581421,0.10000000149011612,29.779159545898438,12.0,12.296891212463379,5.3960394859313965,1.8111791610717773,42.0,314.1592712402344,1.0
340,3.2143731117248535,-2.5345332622528076,21.20828628540039,3.2143731117248535,0.7613812685012817,0.07613812386989594,1.209646224975586,0.8999999761581421,0.10000000149011612,29.779010772705078,12.0,12.29809284210205,5.356655120849609,1.8113516569137573,42.0,314.1592712402344,1.0
341,3.136782169342041,-2.5292539596557617,20.889846801757812,3.136782169342041,1.13716721534729,0.113716721534729,1.2102165222167969,0.8999999761581421,0.10000000149011612,29.778980255126953,12.0,12.299296379089355,5.501613616943359,1.8115248680114746,42.0,314.1592712402344,1.0
342,3.19155216217041,-2.566209077835083,21.479312896728516,3.19155216217041,1.511831521987915,0.15118315815925598,1.2102112770080566,0.8999999761581421,0.10000000149011612,29.778980255126953,12.0,12.300482749938965,4.168651580810547,1.811696171760559,42.0,314.1592712402344,1.0
343,3.1778595447540283,-2.455343723297119,21.387653350830078,3.1778595447540283,1.8850175142288208,0.1885017454624176,1.209660291671753,0.8999999761581421,0.10000000149011612,29.778770446777344,12.0,12.301665306091309,3.941328525543213,1.8118668794631958,42.0,314.1592712402344,1.0
344,3.205244779586792,-2.4870195388793945,21.613643646240234,3.205244779586792,2.256312847137451,0.22563128173351288,1.2084863185882568,0.8999999761581421,0.10000000149011612,29.778650283813477,12.0,12.302833557128906,3.1942713260650635,1.8120356798171997,42.0,314.1592712402344,1.0
345,3.209808826446533,-2.5345332622528076,21.162456512451172,3.209808826446533,2.625441789627075,0.262544184923172,1.2066564559936523,0.8999999761581421,0.10000000149011612,29.77859115600586,12.0,12.304009437561035,3.50519061088562,1.8122029304504395,42.0,314.1592712402344,1.0
346,3.173295497894287,-2.508136749267578,21.295995712280273,3.173295497894287,2.9918923377990723,0.2991892397403717,1.2042646408081055,0.8999999761581421,0.10000000149011612,29.778411865234375,12.0,12.305168151855469,2.86286997795105,1.8123700618743896,42.0,314.1592712402344,1.0
347,3.1322178840637207,-2.5028574466705322,21.47852325439453,3.1322178840637207,3.355475902557373,0.3355475962162018,1.2012670040130615,0.8999999761581421,0.10000000149011612,29.778322219848633,12.0,12.306304931640625,2.1488232612609863,1.8125369548797607,42.0,314.1592712402344,1.0
348,3.1641671657562256,-2.4500644207000732,21.388050079345703,3.1641671657562256,3.715672492980957,0.3715672492980957,1.1974973678588867,0.8999999761581421,0.10000000149011612,29.778322219848633,12.0,12.307432174682617,1.856770396232605,1.8126999139785767,42.0,314.1592712402344,1.0
349,3.255450487136841,-2.4870195388793945,21.343799591064453,3.255450487136841,4.072253704071045,0.4072253704071045,1.1927359104156494,0.8999999761581421,0.10000000149011612,29.77808380126953,12.0,12.30854606628418,1.4806324243545532,1.8128554821014404,42.0,314.1592712402344,1.0
350,3.118525505065918,-2.5503711700439453,21.116230010986328,3.118525505065918,4.42479944229126,0.4424799382686615,1.1875860691070557,0.8999999761581421,0.10000000149011612,29.778024673461914,12.0,12.30965518951416,1.3670390844345093,1.813016653060913,42.0,314.1592712402344,1.0
351,3.1778595447540283,-2.5820469856262207,21.56978988647461,3.1778595447540283,4.77296257019043,0.47729626297950745,1.1814569234848022,0.8999999761581421,0.10000000149011612,29.778024673461914,12.0,12.310715675354004,0.2353391945362091,1.8131709098815918,42.0,314.1592712402344,1.0
352,3.104832887649536,-2.3761541843414307,21.34300994873047,3.104832887649536,5.116480350494385,0.5116480588912964,1.1747390031814575,0.8999999761581421,0.10000000149011612,29.77784538269043,12.0,12.311771392822266,0.12447912991046906,1.8133269548416138,42.0,314.1592712402344,1.0
353,3.2645788192749023,-2.4764609336853027,21.161270141601562,3.2645788192749023,5.454840183258057,0.5454840064048767,1.1666591167449951,0.8999999761581421,0.10000000149011612,29.77769660949707,12.0,12.312816619873047,-0.07196711748838425,1.8134677410125732,42.0,314.1592712402344,1.0
354,3.2691431045532227,-2.560929775238037,21.29757308959961,3.2691431045532227,5.78797721862793,0.5787976980209351,1.1576416492462158,0.8999999761581421,0.10000000149011612,29.777698516845703,12.0,12.313825607299805,-0.7270017862319946,1.813604712486267,42.0,314.1592712402344,1.0
355,3.155038833618164,-2.5450918674468994,21.3414306640625,3.155038833618164,6.115200519561768,0.6115200519561768,1.1481597423553467,0.8999999761581421,0.10000000149011612,29.777462005615234,12.0,12.314804077148438,-1.2388691902160645,1.8137472867965698,42.0,314.1592712402344,1.0
356,3.100268840789795,-2.5503711700439453,21.749950408935547,3.100268840789795,6.436551094055176,0.6436551213264465,1.137951374053955,0.8999999761581421,0.10000000149011612,29.777374267578125,12.0,12.315718650817871,-2.2320284843444824,1.8138902187347412,42.0,314.1592712402344,1.0
357,3.086576223373413,-2.4447851181030273,20.890636444091797,3.086576223373413,6.751442909240723,0.6751443147659302,1.1269211769104004,0.8999999761581421,0.10000000149011612,29.777494430541992,12.0,12.316681861877441,-1.5136303901672363,1.814029574394226,42.0,314.1592712402344,1.0
358,3.1778595447540283,-2.5503711700439453,21.29757308959961,3.1778595447540283,7.059727668762207,0.7059727907180786,1.1145994663238525,0.8999999761581421,0.10000000149011612,29.7772274017334,12.0,12.317573547363281,-2.499479055404663,1.8141552209854126,42.0,314.1592712402344,1.0
359,3.1413462162017822,-2.5292539596557617,21.297969818115234,3.1413462162017822,7.361057281494141,0.736105740070343,1.1014786958694458,0.8999999761581421,0.10000000149011612,29.777080535888672,12.0,12.318431854248047,-2.9267563819885254,1.8142796754837036,42.0,314.1592712402344,1.0
360,3.173295497894287,-2.5503711700439453,21.705698013305664,3.173295497894287,7.655054092407227,0.7655054330825806,1.0872786045074463,0.8999999761581421,0.10000000149011612,29.776992797851562,12.0,12.319214820861816,-3.8442609310150146,1.814395546913147,42.0,314.1592712402344,1.0
361,3.1778595447540283,-2.4764609336853027,21.433879852294922,3.1778595447540283,7.941646099090576,0.7941645979881287,1.0721139907836914,0.8999999761581421,0.10000000149011612,29.776695251464844,12.0,12.319992065429688,-3.9034228324890137,1.814505696296692,42.0,314.1592712402344,1.0
362,3.2463221549987793,-2.407829999923706,21.251745223999023,3.2463221549987793,8.220183372497559,0.8220183253288269,1.0557453632354736,0.8999999761581421,0.10000000149011612,29.776458740234375,12.0,12.32075309753418,-4.082313537597656,1.8146029710769653,42.0,314.1592712402344,1.0
363,3.2371938228607178,-2.455343723297119,21.34300994873047,3.2371938228607178,8.49084758758545,0.849084734916687,1.0384520292282104,0.8999999761581421,0.10000000149011612,29.776371002197266,12.0,12.321464538574219,-4.573831081390381,1.814695954322815,42.0,314.1592712402344,1.0
364,3.168731212615967,-2.566209077835083,21.38726043701172,3.168731212615967,8.752888679504395,0.8752888441085815,1.020524263381958,0.8999999761581421,0.10000000149011612,29.776073455810547,12.0,12.322131156921387,-4.993272304534912,1.8147913217544556,42.0,314.1592712402344,1.0
365,3.1322178840637207,-2.4289472103118896,21.659473419189453,3.1322178840637207,9.006471633911133,0.9006471633911133,1.0018126964569092,0.8999999761581421,0.10000000149011612,29.775747299194336,12.0,12.322725296020508,-5.635362148284912,1.8148850202560425,42.0,314.1592712402344,1.0
366,3.1504745483398438,-2.407829999923706,20.98031997680664,3.1504745483398438,9.251070022583008,0.9251070022583008,0.9821526408195496,0.8999999761581421,0.10000000149011612,29.77566146850586,12.0,12.323362350463867,-5.275503158569336,1.8149701356887817,42.0,314.1592712402344,1.0
367,3.241758108139038,-2.4764609336853027,21.3414306640625,3.241758108139038,9.486564636230469,0.948656439781189,0.9612411260604858,0.8999999761581421,0.10000000149011612,29.77533721923828,12.0,12.323908805847168,-5.975899696350098,1.8150373697280884,42.0,314.1592712402344,1.0
368,3.1596028804779053,-2.5028574466705322,21.342613220214844,3.1596028804779053,9.7127685546875,0.9712768793106079,0.939786434173584,0.8999999761581421,0.10000000149011612,29.775131225585938,12.0,12.32441234588623,-6.29219388961792,1.8151092529296875,42.0,314.1592712402344,1.0
369,3.1961162090301514,-2.465902328491211,21.568603515625,3.1961162090301514,9.929235458374023,0.9929235577583313,0.9173581600189209,0.8999999761581421,0.10000000149011612,29.775104522705078,12.0,12.324840545654297,-6.7942118644714355,1.8151696920394897,42.0,314.1592712402344,1.0
370,3.1413462162017822,-2.513416051864624,21.298362731933594,3.1413462162017822,10.13615894317627,1.0136158466339111,0.8943321704864502,0.8943321704864502,0.1056678295135498,29.774721145629883,12.0,12.325262069702148,-6.838663578033447,1.8152310848236084,42.0,314.1592712402344,1.0
371,3.1459105014801025,-2.365595579147339,20.84401512145996,3.1459105014801025,10.332740783691406,1.0332740545272827,0.8705431818962097,0.8705431818962097,0.12945681810379028,29.774425506591797,12.0,12.325699806213379,-6.741692066192627,1.8152849674224854,42.0,314.1592712402344,1.0
372,2.82641863822937,-1.996044635772705,20.077547073364258,2.82641863822937,10.519427299499512,1.0519427061080933,0.8471343517303467,0.8471343517303467,0.15286564826965332,29.774370193481445,12.0,12.326194763183594,-6.426096439361572,1.8153765201568604,42.0,314.1592712402344,1.0
373,2.4658491611480713,-1.7531969547271729,18.44900131225586,2.4658491611480713,10.695490837097168,1.0695490837097168,0.8242555856704712,0.8242555856704712,0.1757444143295288,29.77428436279297,12.0,12.326866149902344,-5.531367301940918,1.8155100345611572,42.0,314.1592712402344,1.0
374,2.3334882259368896,-1.7215211391448975,17.72283363342285,2.3334882259368896,10.86115837097168,1.086115837097168,0.8011118173599243,0.8011118173599243,0.19888818264007568,29.774139404296875,12.0,12.327574729919434,-5.353496551513672,1.8156509399414062,42.0,314.1592712402344,1.0
375,2.1874349117279053,-1.5684213638305664,15.552228927612305,2.1874349117279053,11.0160551071167,1.1016055345535278,0.777799129486084,0.777799129486084,0.22220087051391602,29.774322509765625,12.0,12.328529357910156,-4.29236364364624,1.815800666809082,42.0,314.1592712402344,1.0
376,1.950097918510437,-1.3889251947402954,14.555425643920898,1.950097918510437,11.160045623779297,1.1160045862197876,0.7545534372329712,0.7545534372329712,0.2454465627670288,29.774295806884766,12.0,12.329545021057129,-4.051485538482666,1.815972089767456,42.0,314.1592712402344,1.0
377,1.6853761672973633,-1.1566359996795654,13.515559196472168,1.6853761672973633,11.293169975280762,1.129317045211792,0.7314208149909973,0.7314208149909973,0.2685791850090027,29.774240493774414,12.0,12.330623626708984,-3.8239524364471436,1.816168189048767,42.0,314.1592712402344,1.0
378,1.4754242897033691,-0.9876984357833862,11.75189208984375,1.4754242897033691,11.414911270141602,1.141491174697876,0.7082774043083191,0.7082774043083191,0.2917225956916809,29.77439308166504,12.0,12.331871032714844,-3.277050018310547,1.8163795471191406,42.0,314.1592712402344,1.0
379,1.3430633544921875,-0.829319417476654,10.578091621398926,1.3430633544921875,11.525720596313477,1.1525720357894897,0.6849249005317688,0.6849249005317688,0.3150750994682312,29.77436637878418,12.0,12.333189010620117,-3.0737552642822266,1.8165934085845947,42.0,314.1592712402344,1.0
380,1.064648985862732,-0.5600751638412476,9.036070823669434,1.064648985862732,11.624752044677734,1.1624752283096313,0.661684513092041,0.661684513092041,0.338315486907959,29.774518966674805,12.0,12.33462905883789,-2.7601468563079834,1.8168320655822754,42.0,314.1592712402344,1.0
381,1.0281356573104858,-0.5759130716323853,8.267626762390137,1.0281356573104858,11.712624549865723,1.171262502670288,0.6380957961082458,0.6380957961082458,0.36190420389175415,29.77467155456543,12.0,12.336063385009766,-2.7696704864501953,1.817056655883789,42.0,314.1592712402344,1.0
382,0.6949512958526611,-0.190524160861969,6.460500717163086,0.6949512958526611,11.788740158081055,1.1788740158081055,0.6146729588508606,0.6146729588508606,0.3853270411491394,29.77449607849121,12.0,12.337655067443848,-2.4712424278259277,1.8173139095306396,42.0,314.1592712402344,1.0
383,0.5854111909866333,-0.011027965694665909,5.462908744812012,0.5854111909866333,11.853327751159668,1.1853327751159668,0.5910850763320923,0.5910850763320923,0.4089149236679077,29.7745304107666,12.0,12.339268684387207,-2.437167167663574,1.817567229270935,42.0,314.1592712402344,1.0
384,0.4941278100013733,0.004809933714568615,3.743886947631836,0.4941278100013733,11.906230926513672,1.1906230449676514,0.5673549771308899,0.5673549771308899,0.4326450228691101,29.77471351623535,12.0,12.341014862060547,-2.269366502761841,1.817813754081726,42.0,314.1592712402344,1.0
385,0.32525351643562317,0.09455803036689758,2.974654197692871,0.32525351643562317,11.947275161743164,1.1947275400161743,0.5435718894004822,0.5435718894004822,0.4564281105995178,29.77480697631836,12.0,12.342737197875977,-2.291959047317505,1.818065881729126,42.0,314.1592712402344,1.0
386,0.18832843005657196,0.24765773117542267,2.1157379150390625,0.18832843005657196,11.976759910583496,1.1976759433746338,0.5197348594665527,0.5197348594665527,0.48026514053344727,29.774662017822266,12.0,12.344449996948242,-2.297755002975464,1.8183183670043945,42.0,314.1592712402344,1.0
387,0.12899422645568848,0.49050551652908325,0.8040494918823242,0.12899422645568848,11.994098663330078,1.19940984249115,0.495853990316391,0.495853990316391,0.5041459798812866,29.77472496032715,12.0,12.346223831176758,-2.2784786224365234,1.8185584545135498,42.0,314.1592712402344,1.0
388,0.010325808078050613,0.42715391516685486,0.12647724151611328,0.010325808078050613,11.999951362609863,1.1999951601028442,0.4719737470149994,0.4719737470149994,0.5280262231826782,29.774728775024414,12.0,12.347955703735352,-2.2780141830444336,1.8187963962554932,42.0,314.1592712402344,1.0
389,-0.18593350052833557,0.6119294166564941,-1.0054454803466797,-0.18593350052833557,11.993613243103027,1.1993613243103027,0.44810324907302856,0.44810324907302856,0.5518967509269714,29.774763107299805,12.0,12.349719047546387,-2.2880859375,1.819044589996338,42.0,314.1592712402344,1.0
390,-0.28178104758262634,0.7597498297691345,-1.593729019165039,-0.28178104758262634,11.975690841674805,1.1975691318511963,0.4243103563785553,0.4243103563785553,0.5756896734237671,29.775005340576172,12.0,12.351426124572754,-2.2520804405212402,1.819286584854126,42.0,314.1592712402344,1.0
391,-0.4095778167247772,0.9498046040534973,-2.4961061477661133,-0.4095778167247772,11.945819854736328,1.1945819854736328,0.400602251291275,0.400602251291275,0.5993977785110474,29.774919509887695,12.0,12.353129386901855,-2.2483534812927246,1.8195277452468872,42.0,314.1592712402344,1.0
392,-0.637786328792572,1.1398594379425049,-3.8555984497070312,-0.637786328792572,11.904193878173828,1.1904194355010986,0.3769012987613678,0.3769012987613678,0.6230987310409546,29.774892807006836,12.0,12.354900360107422,-2.3354685306549072,1.8197838068008423,42.0,314.1592712402344,1.0
393,-0.8157889246940613,1.261283278465271,-5.213115692138672,-0.8157889246940613,11.850906372070312,1.1850906610488892,0.3532828986644745,0.3532828986644745,0.6467170715332031,29.774986267089844,12.0,12.356736183166504,-2.4385673999786377,1.820046305656433,42.0,314.1592712402344,1.0
394,-1.126152515411377,1.4143829345703125,-6.34464168548584,-1.126152515411377,11.785743713378906,1.1785743236541748,0.32956695556640625,0.32956695556640625,0.6704330444335938,29.774900436401367,12.0,12.358598709106445,-2.4890332221984863,1.8203357458114624,42.0,314.1592712402344,1.0
395,-1.3497967720031738,1.667789340019226,-7.158125877380371,-1.3497967720031738,11.709247589111328,1.1709247827529907,0.3059229254722595,0.3059229254722595,0.6940770745277405,29.774873733520508,12.0,12.360437393188477,-2.4352002143859863,1.8206371068954468,42.0,314.1592712402344,1.0
396,-1.4593368768692017,1.9264750480651855,-9.193610191345215,-1.4593368768692017,11.620806694030762,1.1620806455612183,0.28255417943000793,0.28255417943000793,0.7174458503723145,29.775026321411133,12.0,12.362442970275879,-2.8635828495025635,1.8209322690963745,42.0,314.1592712402344,1.0
397,-1.6875452995300293,1.9898266792297363,-10.595376968383789,-1.6875452995300293,11.521236419677734,1.1521236896514893,0.25925561785697937,0.25925561785697937,0.7407443523406982,29.775060653686523,12.0,12.364507675170898,-3.040487051010132,1.8212398290634155,42.0,314.1592712402344,1.0
398,-1.9522671699523926,2.200998544692993,-11.908247947692871,-1.9522671699523926,11.41003131866455,1.141003131866455,0.23595693707466125,0.23595693707466125,0.7640430927276611,29.775033950805664,12.0,12.366617202758789,-3.1860127449035645,1.8215649127960205,42.0,314.1592712402344,1.0
399,-2.043550491333008,2.4544050693511963,-12.812602043151855,-2.043550491333008,11.287738800048828,1.1287739276885986,0.21313709020614624,0.21313709020614624,0.7868629097938538,29.775007247924805,12.0,12.368708610534668,-3.120866298675537,1.821880578994751,42.0,314.1592712402344,1.0
400,-2.2808873653411865,2.581108331680298,-14.484606742858887,-2.2808873653411865,11.154251098632812,1.1154251098632812,0.1903969943523407,0.1903969943523407,0.8096029758453369,29.77486228942871,12.0,12.370898246765137,-3.5089166164398193,1.822209119796753,42.0,314.1592712402344,1.0
401,-2.458889961242676,2.8133974075317383,-15.934968948364258,-2.458889961242676,11.009720802307129,1.100972056388855,0.1679394245147705,0.1679394245147705,0.8320605754852295,29.77480697631836,12.0,12.373148918151855,-3.7723870277404785,1.822541356086731,42.0,314.1592712402344,1.0
402,-2.600379228591919,2.9506592750549316,-17.065311431884766,-2.600379228591919,10.854470252990723,1.085447072982788,0.14591965079307556,0.14591965079307556,0.854080319404602,29.774721145629883,12.0,12.375411033630371,-3.8305628299713135,1.8228720426559448,42.0,314.1592712402344,1.0
403,-2.846844434738159,3.130155324935913,-18.331562042236328,-2.846844434738159,10.688279151916504,1.0688278675079346,0.12399724125862122,0.12399724125862122,0.8760027885437012,29.774486541748047,12.0,12.377705574035645,-3.9961631298065186,1.8232165575027466,42.0,314.1592712402344,1.0
404,-3.052232027053833,3.341327428817749,-19.32638931274414,-3.052232027053833,10.511848449707031,1.051184892654419,0.10238024592399597,0.10238024592399597,0.8976197242736816,29.774341583251953,12.0,12.37999439239502,-3.964143991470337,1.8235682249069214,42.0,314.1592712402344,1.0
405,-3.134387254714966,3.446913480758667,-21.135887145996094,-3.134387254714966,10.324677467346191,1.0324677228927612,0.0814700722694397,0.10000000149011612,0.8999999761581421,29.774255752563477,12.0,12.382390975952148,-4.603675365447998,1.8239102363586426,42.0,314.1592712402344,1.0
406,-2.928999423980713,3.28853440284729,-20.816261291503906,-2.928999423980713,10.12759780883789,1.012759804725647,0.062386393547058105,0.10000000149011612,0.8999999761581421,29.77387237548828,12.0,12.384603500366211,-3.4380879402160645,1.824204921722412,42.0,314.1592712402344,1.0
407,-3.0294113159179688,3.3202102184295654,-20.676008224487305,-3.0294113159179688,9.920351028442383,0.9920350909233093,0.04392203688621521,0.10000000149011612,0.8999999761581421,29.77351951599121,12.0,12.38667106628418,-2.450451374053955,1.8244959115982056,42.0,314.1592712402344,1.0
408,-3.1663362979888916,3.3043723106384277,-20.813495635986328,-3.1663362979888916,9.703404426574707,0.9703404307365417,0.025940537452697754,0.10000000149011612,0.8999999761581421,29.7733154296875,12.0,12.388641357421875,-1.7441991567611694,1.8247885704040527,42.0,314.1592712402344,1.0
409,-3.0750529766082764,3.299093008041382,-21.22280502319336,-3.0750529766082764,9.47689151763916,0.9476891756057739,0.009310722351074219,0.10000000149011612,0.8999999761581421,29.772903442382812,12.0,12.390558242797852,-1.3265703916549683,1.8250545263290405,42.0,314.1592712402344,1.0
410,-3.0294113159179688,3.336048126220703,-21.540849685668945,-3.0294113159179688,9.240942001342773,0.9240942001342773,-0.006215512752532959,0.10000000149011612,0.8999999761581421,29.77267074584961,12.0,12.392416000366211,-0.8394929766654968,1.8253016471862793,42.0,314.1592712402344,1.0
411,-3.0202829837799072,3.293813705444336,-20.68035125732422,-3.0202829837799072,8.996047973632812,0.8996047973632812,-0.020765960216522217,0.10000000149011612,0.8999999761581421,29.772438049316406,12.0,12.39408016204834,0.8622783422470093,1.8255360126495361,42.0,314.1592712402344,1.0
412,-3.047667980194092,3.3782825469970703,-21.315650939941406,-3.047667980194092,8.74203109741211,0.874203085899353,-0.03461962938308716,0.10000000149011612,0.8999999761581421,29.77211570739746,12.0,12.39574146270752,0.884473979473114,1.8257631063461304,42.0,314.1592712402344,1.0
413,-2.983769655227661,3.3254895210266113,-20.8166561126709,-2.983769655227661,8.47964096069336,0.8479641079902649,-0.04737246036529541,0.10000000149011612,0.8999999761581421,29.77167320251465,12.0,12.397275924682617,2.1607301235198975,1.825973629951477,42.0,314.1592712402344,1.0
414,-3.0385396480560303,3.3096516132354736,-21.222410202026367,-3.0385396480560303,8.208638191223145,0.8208638429641724,-0.05961877107620239,0.10000000149011612,0.8999999761581421,29.771411895751953,12.0,12.39879322052002,2.3367979526519775,1.8261821269989014,42.0,314.1592712402344,1.0
415,-3.0613603591918945,3.399399757385254,-21.08808135986328,-3.0613603591918945,7.929709434509277,0.7929709553718567,-0.07121390104293823,0.10000000149011612,0.8999999761581421,29.771060943603516,12.0,12.400240898132324,3.1284515857696533,1.8263858556747437,42.0,314.1592712402344,1.0
416,-3.1161305904388428,3.346606731414795,-21.223594665527344,-3.1161305904388428,7.642866134643555,0.7642866373062134,-0.08232849836349487,0.10000000149011612,0.8999999761581421,29.770709991455078,12.0,12.401654243469238,3.5433738231658936,1.826588749885559,42.0,314.1592712402344,1.0
417,-3.1070022583007812,3.4099583625793457,-21.22319984436035,-3.1070022583007812,7.348504066467285,0.7348504066467285,-0.09272575378417969,0.10000000149011612,0.8999999761581421,29.77071762084961,12.0,12.403024673461914,4.0906758308410645,1.8267848491668701,42.0,314.1592712402344,1.0
418,-3.052232027053833,3.3571653366088867,-21.1323299407959,-3.052232027053833,7.046940803527832,0.7046940922737122,-0.10228419303894043,0.10000000149011612,0.8999999761581421,29.770456314086914,12.0,12.404350280761719,4.7102251052856445,1.8269708156585693,42.0,314.1592712402344,1.0
419,-3.152643918991089,3.388841152191162,-21.223594665527344,-3.152643918991089,6.7383198738098145,0.6738319993019104,-0.1116570234298706,0.10000000149011612,0.8999999761581421,29.770254135131836,12.0,12.40565299987793,5.041938781738281,1.8271619081497192,42.0,314.1592712402344,1.0
420,-3.0111546516418457,3.3782825469970703,-20.997211456298828,-3.0111546516418457,6.423214912414551,0.6423214673995972,-0.11993491649627686,0.10000000149011612,0.8999999761581421,29.770051956176758,12.0,12.406909942626953,5.758983612060547,1.8273372650146484,42.0,314.1592712402344,1.0
421,-3.0613603591918945,3.388841152191162,-21.08650016784668,-3.0613603591918945,6.101557731628418,0.6101557612419128,-0.1279447078704834,0.10000000149011612,0.8999999761581421,29.769702911376953,12.0,12.408153533935547,5.9886016845703125,1.8275141716003418,42.0,314.1592712402344,1.0
422,-3.015718698501587,3.3624446392059326,-21.40533447265625,-3.015718698501587,5.7740583419799805,0.5774058103561401,-0.13534587621688843,0.10000000149011612,0.8999999761581421,29.769412994384766,12.0,12.409404754638672,5.8567399978637695,1.8276854753494263,42.0,314.1592712402344,1.0
423,-3.047667980194092,3.383561849594116,-20.77082633972168,-3.047667980194092,5.440727710723877,0.5440727472305298,-0.1424311399459839,0.10000000149011612,0.8999999761581421,29.769123077392578,12.0,12.410594940185547,7.047146797180176,1.8278576135635376,42.0,314.1592712402344,1.0
424,-3.0613603591918945,3.2621378898620605,-20.723812103271484,-3.0613603591918945,5.102112293243408,0.5102112293243408,-0.14915943145751953,0.10000000149011612,0.8999999761581421,29.7688045501709,12.0,12.411771774291992,7.314541816711426,1.8280293941497803,42.0,314.1592712402344,1.0
425,-3.1252589225769043,3.2674171924591064,-20.90713119506836,-3.1252589225769043,4.758434772491455,0.47584348917007446,-0.15568989515304565,0.10000000149011612,0.8999999761581421,29.76836585998535,12.0,12.41295337677002,7.199753284454346,1.8282042741775513,42.0,314.1592712402344,1.0
426,-3.0294113159179688,3.4627513885498047,-21.359901428222656,-3.0294113159179688,4.41004753112793,0.44100475311279297,-0.16160058975219727,0.10000000149011612,0.8999999761581421,29.768075942993164,12.0,12.414156913757324,6.653697490692139,1.828372836112976,42.0,314.1592712402344,1.0
427,-3.0202829837799072,3.3254895210266113,-21.27021598815918,-3.0202829837799072,4.057364463806152,0.40573644638061523,-0.16714829206466675,0.10000000149011612,0.8999999761581421,29.76784896850586,12.0,12.415351867675781,6.903707504272461,1.8285406827926636,42.0,314.1592712402344,1.0
428,-3.0750529766082764,3.4152376651763916,-21.494230270385742,-3.0750529766082764,3.7005934715270996,0.3700593411922455,-0.17252713441848755,0.10000000149011612,0.8999999761581421,29.767681121826172,12.0,12.416555404663086,6.631407737731934,1.8287112712860107,42.0,314.1592712402344,1.0
429,-3.088745594024658,3.3571653366088867,-20.9517765045166,-3.088745594024658,3.340275287628174,0.3340275287628174,-0.17756891250610352,0.10000000149011612,0.8999999761581421,29.767274856567383,12.0,12.417733192443848,7.5033063888549805,1.8288825750350952,42.0,314.1592712402344,1.0
430,-3.0431036949157715,3.394120454788208,-21.22319984436035,-3.0431036949157715,2.97654390335083,0.297654390335083,-0.1822226643562317,0.10000000149011612,0.8999999761581421,29.76683807373047,12.0,12.418923377990723,7.045924186706543,1.8290523290634155,42.0,314.1592712402344,1.0
431,-3.0248470306396484,3.3254895210266113,-20.95138168334961,-3.0248470306396484,2.609956741333008,0.26099568605422974,-0.186520516872406,0.10000000149011612,0.8999999761581421,29.76658058166504,12.0,12.42010498046875,7.4129462242126465,1.8292216062545776,42.0,314.1592712402344,1.0
432,-3.102437973022461,3.351886034011841,-21.041854858398438,-3.102437973022461,2.2407498359680176,0.22407498955726624,-0.19061923027038574,0.10000000149011612,0.8999999761581421,29.766292572021484,12.0,12.421290397644043,7.158646106719971,1.8293936252593994,42.0,314.1592712402344,1.0
433,-3.084181308746338,3.446913480758667,-21.269821166992188,-3.084181308746338,1.8693549633026123,0.18693549931049347,-0.19434601068496704,0.10000000149011612,0.8999999761581421,29.76612663269043,12.0,12.422483444213867,6.66048002243042,1.8295655250549316,42.0,314.1592712402344,1.0
434,-3.0567963123321533,3.283255100250244,-20.9517765045166,-3.0567963123321533,1.4961146116256714,0.1496114581823349,-0.19769322872161865,0.10000000149011612,0.8999999761581421,29.76578140258789,12.0,12.423672676086426,7.007758617401123,1.8297371864318848,42.0,314.1592712402344,1.0
435,-3.120694637298584,3.383561849594116,-20.9501953125,-3.120694637298584,1.1213842630386353,0.11213842779397964,-0.20073086023330688,0.10000000149011612,0.8999999761581421,29.76555633544922,12.0,12.424863815307617,6.798656463623047,1.829910159111023,42.0,314.1592712402344,1.0
436,-3.03397536277771,3.336048126220703,-21.13272476196289,-3.03397536277771,0.7455675601959229,0.07455675303936005,-0.2033252716064453,0.10000000149011612,0.8999999761581421,29.76535987854004,12.0,12.426057815551758,6.267754077911377,1.8300825357437134,42.0,314.1592712402344,1.0
437,-3.052232027053833,3.3043723106384277,-20.813495635986328,-3.052232027053833,0.3689958453178406,0.03689958527684212,-0.20556479692459106,0.10000000149011612,0.8999999761581421,29.765073776245117,12.0,12.427250862121582,6.522058010101318,1.830255150794983,42.0,314.1592712402344,1.0
438,-3.015718698501587,3.4205169677734375,-20.99760627746582,-3.015718698501587,-0.007931861095130444,-0.0007931861327961087,-0.20737898349761963,0.10000000149011612,0.8999999761581421,29.764997482299805,12.0,12.428443908691406,5.924079418182373,1.8304275274276733,42.0,314.1592712402344,1.0
439,-3.070488691329956,3.3307688236236572,-21.31328010559082,-3.070488691329956,-0.3848501443862915,-0.03848501294851303,-0.2087579369544983,0.10000000149011612,0.8999999761581421,29.76504135131836,12.0,12.429635047912598,5.108589172363281,1.8305995464324951,42.0,314.1592712402344,1.0
440,-2.9928979873657227,3.351886034011841,-21.449979782104492,-2.9928979873657227,-0.7613931894302368,-0.07613931596279144,-0.2097158432006836,0.10000000149011612,0.8999999761581421,29.764995574951172,12.0,12.430821418762207,4.580963611602783,1.830772042274475,42.0,314.1592712402344,1.0
441,-2.9928979873657227,3.3307688236236572,-20.633731842041016,-2.9928979873657227,-1.137178897857666,-0.11371789127588272,-0.2102220058441162,0.10000000149011612,0.8999999761581421,29.764739990234375,12.0,12.43201732635498,5.553007125854492,1.8309439420700073,42.0,314.1592712402344,1.0
442,-3.1070022583007812,3.3254895210266113,-20.587505340576172,-3.1070022583007812,-1.5118427276611328,-0.15118427574634552,-0.21008795499801636,0.10000000149011612,0.8999999761581421,29.76478385925293,12.0,12.433208465576172,5.2210540771484375,1.8311127424240112,42.0,314.1592712402344,1.0
443,-3.084181308746338,3.351886034011841,-21.042251586914062,-3.084181308746338,-1.88502836227417,-0.18850283324718475,-0.20939695835113525,0.10000000149011612,0.8999999761581421,29.764707565307617,12.0,12.434381484985352,4.082939147949219,1.8312811851501465,42.0,314.1592712402344,1.0
444,-3.0431036949157715,3.383561849594116,-20.81507682800293,-3.0431036949157715,-2.2563233375549316,-0.22563233971595764,-0.20820242166519165,0.10000000149011612,0.8999999761581421,29.764511108398438,12.0,12.435554504394531,4.03738260269165,1.8314497470855713,42.0,314.1592712402344,1.0
445,-3.052232027053833,3.4046790599823,-20.770431518554688,-3.052232027053833,-2.6254520416259766,-0.2625451982021332,-0.20634788274765015,0.10000000149011612,0.8999999761581421,29.764554977416992,12.0,12.436718940734863,3.6754941940307617,1.8316165208816528,42.0,314.1592712402344,1.0
446,-3.1115663051605225,3.2674171924591064,-21.041854858398438,-3.1115663051605225,-2.9919021129608154,-0.2991902232170105,-0.2037321925163269,0.10000000149011612,0.8999999761581421,29.76447868347168,12.0,12.437861442565918,2.8126182556152344,1.8317792415618896,42.0,314.1592712402344,1.0
447,-3.1298229694366455,3.4099583625793457,-21.1339111328125,-3.1298229694366455,-3.3554892539978027,-0.33554893732070923,-0.20035320520401,0.10000000149011612,0.8999999761581421,29.76434326171875,12.0,12.438986778259277,2.2397959232330322,1.8319393396377563,42.0,314.1592712402344,1.0
448,-3.0111546516418457,3.3149309158325195,-21.08650016784668,-3.0111546516418457,-3.7156848907470703,-0.371568500995636,-0.19655072689056396,0.10000000149011612,0.8999999761581421,29.76441764831543,12.0,12.440099716186523,1.8786137104034424,1.8321033716201782,42.0,314.1592712402344,1.0
449,-3.070488691329956,3.446913480758667,-21.404544830322266,-3.070488691329956,-4.072266101837158,-0.4072266221046448,-0.19184154272079468,0.10000000149011612,0.8999999761581421,29.764402389526367,12.0,12.441179275512695,0.9595454931259155,1.832261562347412,42.0,314.1592712402344,1.0
450,-3.0978739261627197,3.2515792846679688,-20.90555191040039,-3.0978739261627197,-4.424810886383057,-0.4424811005592346,-0.18629246950149536,0.10000000149011612,0.8999999761581421,29.764118194580078,12.0,12.44227123260498,1.2736223936080933,1.8324154615402222,42.0,314.1592712402344,1.0
451,-3.0294113159179688,3.4205169677734375,-21.223594665527344,-3.0294113159179688,-4.77297306060791,-0.477297306060791,-0.180139422416687,0.10000000149011612,0.8999999761581421,29.76413345336914,12.0,12.443323135375977,0.34465813636779785,1.8325709104537964,42.0,314.1592712402344,1.0
452,-2.9883337020874023,3.4205169677734375,-20.998395919799805,-2.9883337020874023,-5.116490840911865,-0.5116490721702576,-0.1732979416847229,0.10000000149011612,0.8999999761581421,29.764028549194336,12.0,12.444369316101074,0.22639943659305573,1.8327257633209229,42.0,314.1592712402344,1.0
453,-3.0613603591918945,3.3782825469970703,-21.130355834960938,-3.0613603591918945,-5.454849720001221,-0.5454849600791931,-0.1653883457183838,0.10000000149011612,0.8999999761581421,29.763744354248047,12.0,12.445382118225098,-0.41943973302841187,1.8328715562820435,42.0,314.1592712402344,1.0
454,-3.0294113159179688,3.3730032444000244,-21.4511661529541,-3.0294113159179688,-5.787986755371094,-0.5787986516952515,-0.1566777229309082,0.10000000149011612,0.8999999761581421,29.763818740844727,12.0,12.446346282958984,-1.3143599033355713,1.8330161571502686,42.0,314.1592712402344,1.0
455,-3.070488691329956,3.3571653366088867,-20.723812103271484,-3.070488691329956,-6.115209102630615,-0.6115208864212036,-0.14697670936584473,0.10000000149011612,0.8999999761581421,29.763713836669922,12.0,12.447343826293945,-0.7415217161178589,1.8331533670425415,42.0,314.1592712402344,1.0
456,-3.015718698501587,3.399399757385254,-21.041460037231445,-3.015718698501587,-6.436563491821289,-0.6436563730239868,-0.13655537366867065,0.10000000149011612,0.8999999761581421,29.763490676879883,12.0,12.448285102844238,-1.6372681856155396,1.8332910537719727,42.0,314.1592712402344,1.0
457,-2.983769655227661,3.3782825469970703,-21.314069747924805,-2.983769655227661,-6.7514543533325195,-0.6751454472541809,-0.1253340244293213,0.10000000149011612,0.8999999761581421,29.76347541809082,12.0,12.44917106628418,-2.437023162841797,1.8334269523620605,42.0,314.1592712402344,1.0
458,-3.1480796337127686,3.3254895210266113,-21.17697525024414,-3.1480796337127686,-7.059739112854004,-0.7059739232063293,-0.1125408411026001,0.10000000149011612,0.8999999761581421,29.763431549072266,12.0,12.45003890991211,-2.6774849891662598,1.8335424661636353,42.0,314.1592712402344,1.0
459,-3.0567963123321533,3.4099583625793457,-20.90831756591797,-3.0567963123321533,-7.361067771911621,-0.7361067533493042,-0.09917658567428589,0.10000000149011612,0.8999999761581421,29.76332664489746,12.0,12.45090103149414,-2.758268356323242,1.833662509918213,42.0,314.1592712402344,1.0
460,-3.0567963123321533,3.4838685989379883,-21.179346084594727,-3.0567963123321533,-7.655063629150391,-0.765506386756897,-0.08486491441726685,0.10000000149011612,0.8999999761581421,29.76337242126465,12.0,12.451700210571289,-3.516941785812378,1.8337775468826294,42.0,314.1592712402344,1.0
461,-3.0065903663635254,3.3307688236236572,-21.313674926757812,-3.0065903663635254,-7.941654682159424,-0.7941654920578003,-0.06979799270629883,0.10000000149011612,0.8999999761581421,29.763267517089844,12.0,12.452449798583984,-4.0768890380859375,1.8338924646377563,42.0,314.1592712402344,1.0
462,-3.0567963123321533,3.4152376651763916,-21.17697525024414,-3.0567963123321533,-8.220191955566406,-0.8220192193984985,-0.05360758304595947,0.10000000149011612,0.8999999761581421,29.763044357299805,12.0,12.453178405761719,-4.300118446350098,1.8339961767196655,42.0,314.1592712402344,1.0
463,-3.138951301574707,3.3571653366088867,-21.226360321044922,-3.138951301574707,-8.49085521697998,-0.8490855097770691,-0.03611642122268677,0.10000000149011612,0.8999999761581421,29.7631778717041,12.0,12.453863143920898,-4.734350204467773,1.8340849876403809,42.0,314.1592712402344,1.0
464,-3.0796170234680176,3.441634178161621,-20.81705093383789,-3.0796170234680176,-8.75289535522461,-0.8752895593643188,-0.017977535724639893,0.10000000149011612,0.8999999761581421,29.762924194335938,12.0,12.454556465148926,-4.652856826782227,1.8341753482818604,42.0,314.1592712402344,314.1592712402344
465,-3.0750529766082764,3.3730032444000244,-21.13272476196289,-3.0750529766082764,-9.006481170654297,-0.9006481170654297,0.001076728105545044,0.10000000149011612,0.8999999761581421,29.762670516967773,12.0,12.455169677734375,-5.357743263244629,1.83426034450531,42.0,314.1592712402344,1.0
466,-2.9883337020874023,3.4046790599823,-21.08768653869629,-2.9883337020874023,-9.251075744628906,-0.9251075983047485,0.0206775963306427,0.10000000149011612,0.8999999761581421,29.762596130371094,12.0,12.455747604370117,-5.6541337966918945,1.8343499898910522,42.0,314.1592712402344,1.0
467,-3.134387254714966,3.351886034011841,-20.9501953125,-3.134387254714966,-9.486570358276367,-0.9486570358276367,0.04173251986503601,0.10000000149011612,0.8999999761581421,29.762521743774414,12.0,12.456299781799316,-5.850316047668457,1.8344146013259888,42.0,314.1592712402344,1.0
468,-3.070488691329956,3.383561849594116,-20.86130142211914,-3.070488691329956,-9.712772369384766,-0.9712772369384766,0.06339183449745178,0.10000000149011612,0.8999999761581421,29.762359619140625,12.0,12.456819534301758,-6.088876247406006,1.8344815969467163,42.0,314.1592712402344,1.0
469,-3.1070022583007812,3.499706506729126,-21.26705551147461,-3.1070022583007812,-9.929241180419922,-0.9929240942001343,0.08602914214134216,0.10000000149011612,0.8999999761581421,29.76237678527832,12.0,12.457240104675293,-6.761423110961914,1.834537386894226,42.0,314.1592712402344,1.0
470,-3.0294113159179688,3.4046790599823,-21.177370071411133,-3.0294113159179688,-10.136164665222168,-1.0136164426803589,0.10918614268302917,0.10918614268302917,0.8908138275146484,29.76227378845215,12.0,12.457629203796387,-6.961054801940918,1.8345973491668701,42.0,314.1592712402344,1.0
471,-2.79207444190979,3.3149309158325195,-20.817840576171875,-2.79207444190979,-10.332746505737305,-1.0332746505737305,0.1322399377822876,0.1322399377822876,0.8677600622177124,29.76226043701172,12.0,12.458022117614746,-6.93477201461792,1.8346829414367676,42.0,314.1592712402344,1.0
472,-2.618635892868042,3.1618311405181885,-19.59741973876953,-2.618635892868042,-10.519432067871094,-1.0519431829452515,0.15541347861289978,0.15541347861289978,0.8445864915847778,29.76248550415039,12.0,12.458537101745605,-6.262519836425781,1.8347841501235962,42.0,314.1592712402344,1.0
473,-2.463454246520996,2.73420786857605,-18.10162353515625,-2.463454246520996,-10.69549560546875,-1.069549560546875,0.17873886227607727,0.17873886227607727,0.8212611675262451,29.76268196105957,12.0,12.459207534790039,-5.4717512130737305,1.8348976373672485,42.0,314.1592712402344,1.0
474,-2.3493499755859375,2.623342752456665,-17.15222930908203,-2.3493499755859375,-10.861162185668945,-1.0861161947250366,0.2023659646511078,0.2023659646511078,0.7976340055465698,29.762876510620117,12.0,12.459946632385254,-5.145659923553467,1.8350167274475098,42.0,314.1592712402344,1.0
475,-1.9842164516448975,2.375215530395508,-15.481410026550293,-1.9842164516448975,-11.016057968139648,-1.101605772972107,0.22551366686820984,0.22551366686820984,0.7744863033294678,29.76333999633789,12.0,12.460856437683105,-4.40939474105835,1.8351775407791138,42.0,314.1592712402344,1.0
476,-1.8838046789169312,2.169322967529297,-14.529645919799805,-1.8838046789169312,-11.16004753112793,-1.1160047054290771,0.24898147583007812,0.24898147583007812,0.7510185241699219,29.763593673706055,12.0,12.461822509765625,-4.188737869262695,1.8353391885757446,42.0,314.1592712402344,1.0
477,-1.6601603031158447,2.0215024948120117,-12.357461929321289,-1.6601603031158447,-11.293172836303711,-1.129317283630371,0.2724030017852783,0.2724030017852783,0.7275969982147217,29.763757705688477,12.0,12.46302318572998,-3.345316171646118,1.835519790649414,42.0,314.1592712402344,1.0
478,-1.473029375076294,1.952871561050415,-11.498148918151855,-1.473029375076294,-11.414913177490234,-1.1414912939071655,0.2959021031856537,0.2959021031856537,0.7040978670120239,29.764101028442383,12.0,12.464248657226562,-3.264119863510132,1.8357129096984863,42.0,314.1592712402344,1.0
479,-1.1900508403778076,1.6889065504074097,-10.502532005310059,-1.1900508403778076,-11.525723457336426,-1.1525723934173584,0.31927627325057983,0.31927627325057983,0.6807237267494202,29.76429557800293,12.0,12.4655179977417,-3.138625383377075,1.8359324932098389,42.0,314.1592712402344,1.0
480,-1.0029199123382568,1.4777345657348633,-8.467442512512207,-1.0029199123382568,-11.624754905700684,-1.1624754667282104,0.34270644187927246,0.34270644187927246,0.6572935581207275,29.76460838317871,12.0,12.466986656188965,-2.6259207725524902,1.8361624479293823,42.0,314.1592712402344,1.0
481,-0.875123143196106,1.4038243293762207,-7.338680267333984,-0.875123143196106,-11.712626457214355,-1.1712626218795776,0.36631473898887634,0.36631473898887634,0.6336852312088013,29.76498031616211,12.0,12.468504905700684,-2.5154495239257812,1.8363927602767944,42.0,314.1592712402344,1.0
482,-0.6058371067047119,1.134580135345459,-6.20517635345459,-0.6058371067047119,-11.788743019104004,-1.1788742542266846,0.38986197113990784,0.38986197113990784,0.6101380586624146,29.765201568603516,12.0,12.47006893157959,-2.426361560821533,1.836645483970642,42.0,314.1592712402344,1.0
483,-0.48716869950294495,1.0501112937927246,-4.984755516052246,-0.48716869950294495,-11.853328704833984,-1.1853328943252563,0.41355347633361816,0.41355347633361816,0.5864465236663818,29.76539421081543,12.0,12.47169017791748,-2.3360095024108887,1.8368958234786987,42.0,314.1592712402344,1.0
484,-0.32742276787757874,0.8864529728889465,-3.584963798522949,-0.32742276787757874,-11.906231880187988,-1.190623164176941,0.43731746077537537,0.43731746077537537,0.5626825094223022,29.765735626220703,12.0,12.473393440246582,-2.232950210571289,1.8371502161026,42.0,314.1592712402344,1.0
485,-0.23157519102096558,0.7227947115898132,-2.7240724563598633,-0.23157519102096558,-11.947277069091797,-1.1947276592254639,0.4611860513687134,0.4611860513687134,0.5388139486312866,29.765987396240234,12.0,12.475089073181152,-2.240541458129883,1.8373982906341553,42.0,314.1592712402344,1.0
486,-0.06270091235637665,0.7175154089927673,-1.3219099044799805,-0.06270091235637665,-11.976760864257812,-1.1976760625839233,0.48508429527282715,0.48508429527282715,0.5149157047271729,29.7661190032959,12.0,12.476861953735352,-2.192190170288086,1.8376517295837402,42.0,314.1592712402344,1.0
487,0.028582487255334854,0.6013708114624023,-0.6419668197631836,0.028582487255334854,-11.994098663330078,-1.19940984249115,0.5090157389640808,0.5090157389640808,0.4909842610359192,29.76651954650879,12.0,12.478591918945312,-2.204963207244873,1.8378978967666626,42.0,314.1592712402344,1.0
488,0.15637923777103424,0.45882973074913025,-0.325897216796875,0.15637923777103424,-11.999951362609863,-1.1999951601028442,0.5329408049583435,0.5329408049583435,0.4670591950416565,29.766738891601562,12.0,12.480223655700684,-2.2041335105895996,1.838142991065979,42.0,314.1592712402344,1.0
489,0.36176687479019165,0.25821632146835327,1.34808349609375,0.36176687479019165,-11.993612289428711,-1.1993612051010132,0.5568540692329407,0.5568540692329407,0.4431459307670593,29.766780853271484,12.0,12.481977462768555,-2.2432503700256348,1.8383992910385132,42.0,314.1592712402344,1.0
490,0.46674278378486633,0.15263032913208008,2.1161317825317383,0.46674278378486633,-11.975689888000488,-1.1975690126419067,0.5806883573532104,0.5806883573532104,0.41931164264678955,29.76715087890625,12.0,12.48370361328125,-2.225301504135132,1.8386503458023071,42.0,314.1592712402344,1.0
491,0.6766945719718933,0.06288222968578339,3.1563940048217773,0.6766945719718933,-11.945817947387695,-1.1945817470550537,0.6044920682907104,0.6044920682907104,0.39550793170928955,29.76749038696289,12.0,12.485445976257324,-2.240898847579956,1.838912844657898,42.0,314.1592712402344,1.0
492,0.8273122310638428,-0.2327585518360138,3.8355484008789062,0.8273122310638428,-11.904192924499512,-1.190419316291809,0.6281909942626953,0.6281909942626953,0.3718090057373047,29.76759147644043,12.0,12.487147331237793,-2.188382863998413,1.839177131652832,42.0,314.1592712402344,1.0
493,1.0600848197937012,-0.48616495728492737,5.370458602905273,1.0600848197937012,-11.85090446472168,-1.18509042263031,0.6518679857254028,0.6518679857254028,0.34813201427459717,29.76793098449707,12.0,12.488943099975586,-2.3404598236083984,1.8394559621810913,42.0,314.1592712402344,1.0
494,1.274600863456726,-0.6339853405952454,6.685701370239258,1.274600863456726,-11.785741806030273,-1.1785742044448853,0.6754882335662842,0.6754882335662842,0.3245117664337158,29.768239974975586,12.0,12.490796089172363,-2.4485602378845215,1.8397457599639893,42.0,314.1592712402344,1.0
495,1.4480392932891846,-0.7818057537078857,8.088652610778809,1.4480392932891846,-11.709244728088379,-1.170924425125122,0.6989582777023315,0.6989582777023315,0.30104172229766846,29.768251419067383,12.0,12.492715835571289,-2.599761486053467,1.840039610862732,42.0,314.1592712402344,1.0
496,1.7218894958496094,-1.0352121591567993,9.490419387817383,1.7218894958496094,-11.620804786682129,-1.1620805263519287,0.7224572896957397,0.7224572896957397,0.27754271030426025,29.7685604095459,12.0,12.49470043182373,-2.764894962310791,1.8403528928756714,42.0,314.1592712402344,1.0
497,1.8496862649917603,-1.2041497230529785,10.350127220153809,1.8496862649917603,-11.521232604980469,-1.152123212814331,0.7456357479095459,0.7456357479095459,0.2543642520904541,29.76883888244629,12.0,12.496663093566895,-2.701993703842163,1.8406623601913452,42.0,314.1592712402344,1.0
498,2.1052796840667725,-1.362528681755066,12.386007308959961,2.1052796840667725,-11.410027503967285,-1.1410027742385864,0.7688075304031372,0.7688075304031372,0.2311924695968628,29.768817901611328,12.0,12.498784065246582,-3.2185685634613037,1.8409878015518188,42.0,314.1592712402344,1.0
499,2.251333236694336,-1.457556128501892,13.380043983459473,2.251333236694336,-11.287734985351562,-1.1287734508514404,0.7916355729103088,0.7916355729103088,0.20836442708969116,29.76903533935547,12.0,12.500899314880371,-3.197920560836792,1.8413118124008179,42.0,314.1592712402344,1.0
500,2.4841058254241943,-1.7004039287567139,14.602441787719727,2.4841058254241943,-11.15424633026123,-1.115424633026123,0.8143421411514282,0.8143421411514282,0.18565785884857178,29.769224166870117,12.0,12.503044128417969,-3.315460205078125,1.8416476249694824,42.0,314.1592712402344,1.0
501,2.684929370880127,-1.8482242822647095,16.050827026367188,2.684929370880127,-11.009716987609863,-1.1009716987609863,0.8368219137191772,0.8368219137191772,0.16317808628082275,29.769264221191406,12.0,12.505250930786133,-3.58502459526062,1.8419901132583618,42.0,314.1592712402344,1.0
502,2.844675302505493,-2.0752341747283936,17.358564376831055,2.844675302505493,-10.854466438293457,-1.0854465961456299,0.8589030504226685,0.8589030504226685,0.14109694957733154,29.769512176513672,12.0,12.507497787475586,-3.771148681640625,1.842333197593689,42.0,314.1592712402344,1.0
503,2.963343620300293,-2.2811269760131836,18.810901641845703,2.963343620300293,-10.688274383544922,-1.0688273906707764,0.8804616332054138,0.8804616332054138,0.11953836679458618,29.76949119567871,12.0,12.50980281829834,-4.072700500488281,1.8426711559295654,42.0,314.1592712402344,1.0
504,3.1139612197875977,-2.413109302520752,19.941242218017578,3.1139612197875977,-10.51184368133545,-1.0511844158172607,0.9015511274337769,0.8999999761581421,0.10000000149011612,29.769500732421875,12.0,12.51211929321289,-4.139002323150635,1.8430092334747314,42.0,314.1592712402344,1.0
505,3.364990711212158,-2.560929775238037,21.206310272216797,3.364990711212158,-10.32467269897461,-1.032467246055603,0.9225280284881592,0.8999999761581421,0.10000000149011612,29.76959991455078,12.0,12.514467239379883,-4.325845241546631,1.8433613777160645,42.0,314.1592712402344,1.0
506,3.2280654907226562,-2.349757671356201,20.70889663696289,3.2280654907226562,-10.12759017944336,-1.0127589702606201,0.9418876767158508,0.8999999761581421,0.10000000149011612,29.76963996887207,12.0,12.516610145568848,-3.0204617977142334,1.8436747789382935,42.0,314.1592712402344,1.0
507,3.2645788192749023,-2.418388605117798,21.840818405151367,3.2645788192749023,-9.920343399047852,-0.9920343160629272,0.9604001045227051,0.8999999761581421,0.10000000149011612,29.76947021484375,12.0,12.518776893615723,-3.191824197769165,1.843975305557251,42.0,314.1592712402344,1.0
508,3.1961162090301514,-2.455343723297119,21.344196319580078,3.1961162090301514,-9.703397750854492,-0.9703397750854492,0.9776120781898499,0.8999999761581421,0.10000000149011612,29.769569396972656,12.0,12.520759582519531,-1.852599024772644,1.8442506790161133,42.0,314.1592712402344,1.0
509,3.2280654907226562,-2.4395058155059814,21.251745223999023,3.2280654907226562,-9.476884841918945,-0.9476884603500366,0.9939742088317871,0.8999999761581421,0.10000000149011612,29.76972770690918,12.0,12.522624969482422,-0.9369189739227295,1.8445156812667847,42.0,314.1592712402344,1.0
510,3.2189371585845947,-2.4289472103118896,21.20709991455078,3.2189371585845947,-9.240934371948242,-0.9240934252738953,1.0093724727630615,0.8999999761581421,0.10000000149011612,29.7696475982666,12.0,12.524389266967773,-0.09870846569538116,1.8447662591934204,42.0,314.1592712402344,1.0
511,3.1459105014801025,-2.3761541843414307,21.161270141601562,3.1459105014801025,-8.996040344238281,-0.8996040225028992,1.0235692262649536,0.8999999761581421,0.10000000149011612,29.76983642578125,12.0,12.52606201171875,0.7090896964073181,1.8449963331222534,42.0,314.1592712402344,1.0
512,3.1504745483398438,-2.455343723297119,21.65868377685547,3.1504745483398438,-8.742023468017578,-0.8742023706436157,1.036993145942688,0.8999999761581421,0.10000000149011612,29.770084381103516,12.0,12.527714729309082,0.890198826789856,1.8452167510986328,42.0,314.1592712402344,1.0
513,3.205244779586792,-2.3708748817443848,20.93528175354004,3.205244779586792,-8.479635238647461,-0.8479635119438171,1.0498006343841553,0.8999999761581421,0.10000000149011612,29.770183563232422,12.0,12.529213905334473,2.4199633598327637,1.845434308052063,42.0,314.1592712402344,1.0
514,3.2965281009674072,-2.5028574466705322,21.47852325439453,3.2965281009674072,-8.20863151550293,-0.8208631277084351,1.0622259378433228,0.8999999761581421,0.10000000149011612,29.770370483398438,12.0,12.530713081359863,2.424140453338623,1.8456535339355469,42.0,314.1592712402344,1.0
515,3.086576223373413,-2.4342265129089355,21.342613220214844,3.086576223373413,-7.9297027587890625,-0.7929702997207642,1.0730645656585693,0.8999999761581421,0.10000000149011612,29.770496368408203,12.0,12.532142639160156,3.2138962745666504,1.845842957496643,42.0,314.1592712402344,1.0
516,3.100268840789795,-2.413109302520752,21.569393157958984,3.100268840789795,-7.642855167388916,-0.7642855048179626,1.0833483934402466,0.8999999761581421,0.10000000149011612,29.77062225341797,12.0,12.533547401428223,3.5129947662353516,1.8460280895233154,42.0,314.1592712402344,1.0
517,3.260014772415161,-2.4447851181030273,21.072769165039062,3.260014772415161,-7.3484954833984375,-0.7348495721817017,1.0936319828033447,0.8999999761581421,0.10000000149011612,29.770509719848633,12.0,12.53486156463623,4.686383247375488,1.8462238311767578,42.0,314.1592712402344,1.0
518,3.223501443862915,-2.465902328491211,21.07158660888672,3.223501443862915,-7.046932220458984,-0.7046931982040405,1.103143572807312,0.8999999761581421,0.10000000149011612,29.770517349243164,12.0,12.536140441894531,5.160645008087158,1.8464112281799316,42.0,314.1592712402344,1.0
519,3.1459105014801025,-2.5398125648498535,21.477733612060547,3.1459105014801025,-6.738309860229492,-0.6738309860229492,1.111843466758728,0.8999999761581421,0.10000000149011612,29.770614624023438,12.0,12.537425994873047,5.05461311340332,1.8465877771377563,42.0,314.1592712402344,1.0
520,3.104832887649536,-2.4764609336853027,21.386470794677734,3.104832887649536,-6.42320442199707,-0.642320454120636,1.1198933124542236,0.8999999761581421,0.10000000149011612,29.770652770996094,12.0,12.538678169250488,5.58857536315918,1.8467578887939453,42.0,314.1592712402344,1.0
521,3.2508864402770996,-2.4764609336853027,21.569393157958984,3.2508864402770996,-6.101548194885254,-0.6101548075675964,1.1280229091644287,0.8999999761581421,0.10000000149011612,29.770809173583984,12.0,12.539923667907715,5.697629451751709,1.8469375371932983,42.0,314.1592712402344,1.0
522,3.1276538372039795,-2.471181631088257,21.028125762939453,3.1276538372039795,-5.774050235748291,-0.5774050354957581,1.1352453231811523,0.8999999761581421,0.10000000149011612,29.77099609375,12.0,12.541110038757324,6.7796244621276855,1.8471053838729858,42.0,314.1592712402344,1.0
523,3.168731212615967,-2.4817402362823486,21.3414306640625,3.168731212615967,-5.4407196044921875,-0.5440719723701477,1.1422417163848877,0.8999999761581421,0.10000000149011612,29.770944595336914,12.0,12.542305946350098,6.578704833984375,1.8472747802734375,42.0,314.1592712402344,1.0
524,3.168731212615967,-2.4764609336853027,21.569000244140625,3.168731212615967,-5.102104187011719,-0.510210394859314,1.148862600326538,0.8999999761581421,0.10000000149011612,29.77098274230957,12.0,12.54350757598877,6.472980976104736,1.8474431037902832,42.0,314.1592712402344,1.0
525,3.168731212615967,-2.407829999923706,21.20709991455078,3.168731212615967,-4.758422374725342,-0.4758422374725342,1.1551122665405273,0.8999999761581421,0.10000000149011612,29.771169662475586,12.0,12.544676780700684,7.196340084075928,1.8476107120513916,42.0,314.1592712402344,1.0
526,3.2143731117248535,-2.3814334869384766,21.434669494628906,3.2143731117248535,-4.410037040710449,-0.4410037100315094,1.1611592769622803,0.8999999761581421,0.10000000149011612,29.771236419677734,12.0,12.545854568481445,6.983677387237549,1.8477805852890015,42.0,314.1592712402344,1.0
527,3.1504745483398438,-2.51869535446167,20.934885025024414,3.1504745483398438,-4.057353973388672,-0.40573540329933167,1.1666816473007202,0.8999999761581421,0.10000000149011612,29.7713623046875,12.0,12.547001838684082,7.831218242645264,1.8479466438293457,42.0,314.1592712402344,1.0
528,3.19155216217041,-2.5028574466705322,21.749950408935547,3.19155216217041,-3.700582504272461,-0.37005823850631714,1.1720328330993652,0.8999999761581421,0.10000000149011612,29.771459579467773,12.0,12.548188209533691,6.617319107055664,1.8481148481369019,42.0,314.1592712402344,1.0
529,3.1139612197875977,-2.3919920921325684,21.388442993164062,3.1139612197875977,-3.3402647972106934,-0.3340264856815338,1.1768879890441895,0.8999999761581421,0.10000000149011612,29.771467208862305,12.0,12.549357414245605,7.212418556213379,1.848279595375061,42.0,314.1592712402344,1.0
530,3.173295497894287,-2.4922988414764404,21.478130340576172,3.173295497894287,-2.9765329360961914,-0.29765328764915466,1.1815921068191528,0.8999999761581421,0.10000000149011612,29.771564483642578,12.0,12.550530433654785,7.0492048263549805,1.8484470844268799,42.0,314.1592712402344,1.0
531,3.136782169342041,-2.460623025894165,21.20709991455078,3.136782169342041,-2.609947919845581,-0.2609947919845581,1.1859183311462402,0.8999999761581421,0.10000000149011612,29.771751403808594,12.0,12.551695823669434,7.414177417755127,1.8486137390136719,42.0,314.1592712402344,1.0
532,3.18698787689209,-2.3867127895355225,21.296390533447266,3.18698787689209,-2.240741014480591,-0.2240740954875946,1.1900272369384766,0.8999999761581421,0.10000000149011612,29.771818161010742,12.0,12.552865982055664,7.161235809326172,1.8487823009490967,42.0,314.1592712402344,1.0
533,3.168731212615967,-2.4817402362823486,21.388839721679688,3.168731212615967,-1.8693461418151855,-0.18693462014198303,1.1937929391860962,0.8999999761581421,0.10000000149011612,29.77188491821289,12.0,12.554040908813477,6.875470161437988,1.8489508628845215,42.0,314.1592712402344,1.0
534,3.2463221549987793,-2.460623025894165,21.47852325439453,3.2463221549987793,-1.4961012601852417,-0.14961013197898865,1.1972808837890625,0.8999999761581421,0.10000000149011612,29.772010803222656,12.0,12.555218696594238,6.567836284637451,1.849121332168579,42.0,314.1592712402344,1.0
535,3.1778595447540283,-2.566209077835083,21.252532958984375,3.1778595447540283,-1.1213730573654175,-0.11213730275630951,1.2003631591796875,0.8999999761581421,0.10000000149011612,29.772077560424805,12.0,12.556394577026367,6.735750198364258,1.8492910861968994,42.0,314.1592712402344,1.0
536,3.1641671657562256,-2.4975781440734863,21.116230010986328,3.1641671657562256,-0.7455563545227051,-0.07455563545227051,1.203054666519165,0.8999999761581421,0.10000000149011612,29.772323608398438,12.0,12.557570457458496,6.71416711807251,1.8494607210159302,42.0,314.1592712402344,1.0
537,3.1322178840637207,-2.560929775238037,21.56978988647461,3.1322178840637207,-0.3689846098423004,-0.03689846023917198,1.2053954601287842,0.8999999761581421,0.10000000149011612,29.772329330444336,12.0,12.558749198913574,5.716591835021973,1.849630355834961,42.0,314.1592712402344,1.0
538,3.1459105014801025,-2.40255069732666,21.297969818115234,3.1459105014801025,0.007942001335322857,0.0007942001102492213,1.207324504852295,0.8999999761581421,0.10000000149011612,29.77236557006836,12.0,12.559927940368652,5.883851051330566,1.8497999906539917,42.0,314.1592712402344,1.0
539,3.255450487136841,-2.508136749267578,21.343402862548828,3.255450487136841,0.3848606050014496,0.0384860597550869,1.208794355392456,0.8999999761581421,0.10000000149011612,29.77231216430664,12.0,12.561105728149414,5.499988079071045,1.8499689102172852,42.0,314.1592712402344,1.0
540,3.2143731117248535,-2.455343723297119,21.20670509338379,3.2143731117248535,0.7614040374755859,0.0761404037475586,1.2097864151000977,0.8999999761581421,0.10000000149011612,29.772377014160156,12.0,12.56228256225586,5.387090682983398,1.8501379489898682,42.0,314.1592712402344,1.0
541,3.1459105014801025,-2.5450918674468994,21.29560089111328,3.1459105014801025,1.1371899843215942,0.11371900141239166,1.2103440761566162,0.8999999761581421,0.10000000149011612,29.77235221862793,12.0,12.563454627990723,4.885088920593262,1.850307583808899,42.0,314.1592712402344,1.0
542,3.1824238300323486,-2.5503711700439453,21.567813873291016,3.1824238300323486,1.5118542909622192,0.15118542313575745,1.2103514671325684,0.8999999761581421,0.10000000149011612,29.77229881286621,12.0,12.564616203308105,4.083220481872559,1.8504756689071655,42.0,314.1592712402344,1.0
543,3.031806230545044,-2.460623025894165,21.20709991455078,3.031806230545044,1.885040044784546,0.18850401043891907,1.210020899772644,0.8999999761581421,0.10000000149011612,29.772335052490234,12.0,12.565780639648438,4.28298282623291,1.8506464958190918,42.0,314.1592712402344,1.0
544,3.209808826446533,-2.465902328491211,21.296785354614258,3.209808826446533,2.2563352584838867,0.22563353180885315,1.2088720798492432,0.8999999761581421,0.10000000149011612,29.77239990234375,12.0,12.566934585571289,3.7319982051849365,1.8508105278015137,42.0,314.1592712402344,1.0
545,3.2006804943084717,-2.4975781440734863,21.161270141601562,3.2006804943084717,2.62546443939209,0.26254644989967346,1.2070915699005127,0.8999999761581421,0.10000000149011612,29.772375106811523,12.0,12.568083763122559,3.5260729789733887,1.8509736061096191,42.0,314.1592712402344,1.0
546,3.100268840789795,-2.4922988414764404,21.885461807250977,3.100268840789795,2.9919145107269287,0.2991914451122284,1.204875111579895,0.8999999761581421,0.10000000149011612,29.772350311279297,12.0,12.569192886352539,1.972314476966858,1.851138949394226,42.0,314.1592712402344,1.0
547,3.168731212615967,-2.4447851181030273,21.253326416015625,3.168731212615967,3.3554978370666504,0.3355497717857361,1.2018373012542725,0.8999999761581421,0.10000000149011612,29.772235870361328,12.0,12.570319175720215,2.5468909740448,1.8512991666793823,42.0,314.1592712402344,1.0
548,3.205244779586792,-2.455343723297119,21.11662483215332,3.205244779586792,3.715693950653076,0.3715693950653076,1.1980037689208984,0.8999999761581421,0.10000000149011612,29.77227210998535,12.0,12.571436882019043,2.3048925399780273,1.8514554500579834,42.0,314.1592712402344,1.0
549,3.209808826446533,-2.471181631088257,21.206310272216797,3.209808826446533,4.072275161743164,0.4072275161743164,1.193398356437683,0.8999999761581421,0.10000000149011612,29.772308349609375,12.0,12.57253360748291,1.7061511278152466,1.8516091108322144,42.0,314.1592712402344,1.0
550,3.1322178840637207,-2.4764609336853027,21.477340698242188,3.1322178840637207,4.424820899963379,0.4424820840358734,1.1882328987121582,0.8999999761581421,0.10000000149011612,29.77222442626953,12.0,12.57359504699707,0.8439422249794006,1.8517646789550781,42.0,314.1592712402344,1.0
551,3.1413462162017822,-2.4289472103118896,21.794986724853516,3.1413462162017822,4.772983074188232,0.4772983193397522,1.182243824005127,0.8999999761581421,0.10000000149011612,29.772260665893555,12.0,12.574617385864258,-0.06364124268293381,1.8519165515899658,42.0,314.1592712402344,1.0
552,3.100268840789795,-2.407829999923706,20.93528175354004,3.100268840789795,5.116501331329346,0.5116501450538635,1.1755833625793457,0.8999999761581421,0.10000000149011612,29.772384643554688,12.0,12.575677871704102,0.7510110139846802,1.8520678281784058,42.0,314.1592712402344,1.0
553,3.223501443862915,-2.471181631088257,21.52277374267578,3.223501443862915,5.454860210418701,0.5454860329627991,1.1676671504974365,0.8999999761581421,0.10000000149011612,29.772300720214844,12.0,12.57667064666748,-0.5668599605560303,1.8522064685821533,42.0,314.1592712402344,1.0
554,3.1504745483398438,-2.5820469856262207,21.296785354614258,3.1504745483398438,5.787997245788574,0.5787997245788574,1.1591129302978516,0.8999999761581421,0.10000000149011612,29.772306442260742,12.0,12.577656745910645,-0.6926215887069702,1.8523472547531128,42.0,314.1592712402344,1.0
555,3.18698787689209,-2.5028574466705322,21.794986724853516,3.18698787689209,6.115220546722412,0.6115220785140991,1.1495306491851807,0.8999999761581421,0.10000000149011612,29.7724609375,12.0,12.578575134277344,-1.8286699056625366,1.8524810075759888,42.0,314.1592712402344,1.0
556,3.1824238300323486,-2.4922988414764404,21.434669494628906,3.1824238300323486,6.436570644378662,0.6436570882797241,1.1390597820281982,0.8999999761581421,0.10000000149011612,29.772497177124023,12.0,12.579498291015625,-1.760707139968872,1.8526110649108887,42.0,314.1592712402344,1.0
557,3.18698787689209,-2.4289472103118896,21.252140045166016,3.18698787689209,6.751461029052734,0.6751461029052734,1.127657413482666,0.8999999761581421,0.10000000149011612,29.772682189941406,12.0,12.580408096313477,-1.956639289855957,1.8527363538742065,42.0,314.1592712402344,1.0
558,3.2463221549987793,-2.5345332622528076,21.568603515625,3.2463221549987793,7.059746742248535,0.7059746980667114,1.1150760650634766,0.8999999761581421,0.10000000149011612,29.77265739440918,12.0,12.581255912780762,-2.8049960136413574,1.852851390838623,42.0,314.1592712402344,1.0
559,3.209808826446533,-2.560929775238037,21.29718017578125,3.209808826446533,7.3610758781433105,0.736107587814331,1.1017016172409058,0.8999999761581421,0.10000000149011612,29.772573471069336,12.0,12.582098007202148,-2.8768348693847656,1.8529653549194336,42.0,314.1592712402344,1.0
560,3.19155216217041,-2.3814334869384766,21.342220306396484,3.19155216217041,7.65507173538208,0.765507161617279,1.0874601602554321,0.8999999761581421,0.10000000149011612,29.77263832092285,12.0,12.582900047302246,-3.3534717559814453,1.8530763387680054,42.0,314.1592712402344,1.0
561,3.1778595447540283,-2.4447851181030273,21.025360107421875,3.1778595447540283,7.9416632652282715,0.7941663265228271,1.072324275970459,0.8999999761581421,0.10000000149011612,29.77279281616211,12.0,12.583699226379395,-3.383765459060669,1.8531835079193115,42.0,314.1592712402344,1.0
562,3.2371938228607178,-2.4922988414764404,21.342220306396484,3.2371938228607178,8.220199584960938,0.8220199346542358,1.0560076236724854,0.8999999761581421,0.10000000149011612,29.77267837524414,12.0,12.58442497253418,-4.166897773742676,1.8532787561416626,42.0,314.1592712402344,1.0
563,3.1459105014801025,-2.6348400115966797,21.432300567626953,3.1459105014801025,8.490864753723145,0.8490864634513855,1.0391099452972412,0.8999999761581421,0.10000000149011612,29.772563934326172,12.0,12.585102081298828,-4.653016090393066,1.8533790111541748,42.0,314.1592712402344,1.0
564,3.063755512237549,-2.465902328491211,21.749156951904297,3.063755512237549,8.75290298461914,0.8752902746200562,1.021615743637085,0.8999999761581421,0.10000000149011612,29.77271842956543,12.0,12.585702896118164,-5.3655314445495605,1.853482723236084,42.0,314.1592712402344,1.0
565,3.18698787689209,-2.523974657058716,21.163246154785156,3.18698787689209,9.006486892700195,0.9006487131118774,1.0027227401733398,0.8999999761581421,0.10000000149011612,29.772754669189453,12.0,12.586335182189941,-5.0874457359313965,1.8535650968551636,42.0,314.1592712402344,1.0
566,3.118525505065918,-2.4922988414764404,20.980716705322266,3.118525505065918,9.25108528137207,0.9251085519790649,0.9832156896591187,0.8999999761581421,0.10000000149011612,29.772968292236328,12.0,12.586947441101074,-5.257904529571533,1.8536498546600342,42.0,314.1592712402344,1.0
567,3.168731212615967,-2.5345332622528076,21.523563385009766,3.168731212615967,9.486578941345215,0.9486578702926636,0.9626098275184631,0.8999999761581421,0.10000000149011612,29.77309226989746,12.0,12.587446212768555,-6.136046409606934,1.8537216186523438,42.0,314.1592712402344,1.0
568,3.136782169342041,-2.465902328491211,21.34300994873047,3.136782169342041,9.712780952453613,0.9712780714035034,0.9412756562232971,0.8999999761581421,0.10000000149011612,29.773008346557617,12.0,12.587925910949707,-6.274672508239746,1.8537912368774414,42.0,314.1592712402344,1.0
569,3.2508864402770996,-2.471181631088257,21.478130340576172,3.2508864402770996,9.929248809814453,0.9929248690605164,0.9186761379241943,0.8999999761581421,0.10000000149011612,29.773073196411133,12.0,12.588342666625977,-6.6964216232299805,1.8538390398025513,42.0,314.1592712402344,1.0
570,3.2189371585845947,-2.508136749267578,21.20709991455078,3.2189371585845947,10.136171340942383,1.0136171579360962,0.8953921794891357,0.8953921794891357,0.10460782051086426,29.773197174072266,12.0,12.588751792907715,-6.744909286499023,1.8538851737976074,42.0,314.1592712402344,1.0
571,3.123089551925659,-2.40255069732666,20.843225479125977,3.123089551925659,10.332752227783203,1.0332752466201782,0.8717086315155029,0.8717086315155029,0.12829136848449707,29.77323341369629,12.0,12.589164733886719,-6.72538423538208,1.853938102722168,42.0,314.1592712402344,1.0
572,2.789905309677124,-1.9696482419967651,20.4378662109375,2.789905309677124,10.519437789916992,1.0519437789916992,0.8484389185905457,0.8484389185905457,0.15156108140945435,29.773357391357422,12.0,12.589584350585938,-6.68672513961792,1.8540304899215698,42.0,314.1592712402344,1.0
573,2.561696767807007,-1.7954312562942505,18.719242095947266,2.561696767807007,10.695501327514648,1.0695501565933228,0.8252609372138977,0.8252609372138977,0.1747390627861023,29.773632049560547,12.0,12.590195655822754,-5.7144246101379395,1.8541456460952759,42.0,314.1592712402344,1.0
574,2.269589900970459,-1.7373590469360352,17.0472354888916,2.269589900970459,10.861167907714844,1.0861167907714844,0.802358865737915,0.802358865737915,0.19764113426208496,29.773727416992188,12.0,12.590982437133789,-4.888358116149902,1.8542919158935547,42.0,314.1592712402344,1.0
575,2.077894687652588,-1.5473041534423828,15.957983016967773,2.077894687652588,11.016063690185547,1.1016063690185547,0.7793864011764526,0.7793864011764526,0.22061359882354736,29.773881912231445,12.0,12.591852188110352,-4.531988143920898,1.854453206062317,42.0,314.1592712402344,1.0
576,1.9409695863723755,-1.3361321687698364,14.962760925292969,1.9409695863723755,11.160053253173828,1.116005301475525,0.7561900615692139,0.7561900615692139,0.24380993843078613,29.77415657043457,12.0,12.59278392791748,-4.280396938323975,1.8546205759048462,42.0,314.1592712402344,1.0
577,1.6808120012283325,-1.1144015789031982,13.337769508361816,1.6808120012283325,11.293177604675293,1.1293177604675293,0.7331132888793945,0.7331132888793945,0.26688671112060547,29.774160385131836,12.0,12.593870162963867,-3.7277424335479736,1.8548120260238647,42.0,314.1592712402344,1.0
578,1.60322105884552,-0.9824191331863403,12.340177536010742,1.60322105884552,11.414917945861816,1.1414917707443237,0.7096911668777466,0.7096911668777466,0.2903088331222534,29.774343490600586,12.0,12.595006942749023,-3.562204599380493,1.8549987077713013,42.0,314.1592712402344,1.0
579,1.3750126361846924,-0.8873917460441589,10.529496192932129,1.3750126361846924,11.525726318359375,1.1525726318359375,0.6862890124320984,0.6862890124320984,0.3137109875679016,29.77470588684082,12.0,12.596315383911133,-3.0645484924316406,1.855203628540039,42.0,314.1592712402344,1.0
580,1.1559324264526367,-0.60230952501297,9.127334594726562,1.1559324264526367,11.624757766723633,1.162475824356079,0.6628830432891846,0.6628830432891846,0.33711695671081543,29.774917602539062,12.0,12.597723960876465,-2.8082921504974365,1.8554242849349976,42.0,314.1592712402344,1.0
581,0.9733656644821167,-0.5020028352737427,8.40274715423584,0.9733656644821167,11.712629318237305,1.1712629795074463,0.6393836736679077,0.6393836736679077,0.3606163263320923,29.775070190429688,12.0,12.599122047424316,-2.8323981761932373,1.8556543588638306,42.0,314.1592712402344,1.0
582,0.7314646244049072,-0.1535690575838089,6.502775192260742,0.7314646244049072,11.788744926452637,1.1788744926452637,0.6159087419509888,0.6159087419509888,0.38409125804901123,29.775432586669922,12.0,12.600691795349121,-2.505241632461548,1.8559024333953857,42.0,314.1592712402344,1.0
583,0.6264887452125549,-0.0902174636721611,5.328579902648926,0.6264887452125549,11.853330612182617,1.185333013534546,0.5922682285308838,0.5922682285308838,0.4077317714691162,29.775554656982422,12.0,12.602311134338379,-2.427631378173828,1.8561460971832275,42.0,314.1592712402344,1.0
584,0.39371606707572937,-0.01630726456642151,3.969087600708008,0.39371606707572937,11.906234741210938,1.1906235218048096,0.5686231851577759,0.5686231851577759,0.4313768148422241,29.77588653564453,12.0,12.60400390625,-2.3331079483032227,1.8564056158065796,42.0,314.1592712402344,1.0
585,0.2841759920120239,0.13679242134094238,3.155209541320801,0.2841759920120239,11.947278022766113,1.1947277784347534,0.5448755621910095,0.5448755621910095,0.4551244378089905,29.776338577270508,12.0,12.605681419372559,-2.3478012084960938,1.8566604852676392,42.0,314.1592712402344,1.0
586,0.21571344137191772,0.31628862023353577,1.8458919525146484,0.21571344137191772,11.976760864257812,1.1976760625839233,0.5210408568382263,0.5210408568382263,0.4789591431617737,29.776548385620117,12.0,12.607421875,-2.30847430229187,1.85690438747406,42.0,314.1592712402344,1.0
587,0.09704503417015076,0.47994691133499146,1.1659488677978516,0.09704503417015076,11.994099617004395,1.1994099617004395,0.4971749782562256,0.4971749782562256,0.5028250217437744,29.77684783935547,12.0,12.609121322631836,-2.320939779281616,1.8571457862854004,42.0,314.1592712402344,1.0
588,0.055967506021261215,0.41659530997276306,0.17072677612304688,0.055967506021261215,11.999951362609863,1.1999951601028442,0.47330886125564575,0.47330886125564575,0.5266911387443542,29.777236938476562,12.0,12.610831260681152,-2.320835828781128,1.8573724031448364,42.0,314.1592712402344,1.0
589,-0.1494201421737671,0.6488845348358154,-0.46338653564453125,-0.1494201421737671,11.993612289428711,1.1993612051010132,0.4494500756263733,0.4494500756263733,0.5505499243736267,29.777328491210938,12.0,12.612492561340332,-2.305427312850952,1.857611060142517,42.0,314.1592712402344,1.0
590,-0.2863452434539795,0.7703083753585815,-1.2760791778564453,-0.2863452434539795,11.975688934326172,1.1975688934326172,0.42564404010772705,0.42564404010772705,0.574355959892273,29.777538299560547,12.0,12.614136695861816,-2.294450521469116,1.857850193977356,42.0,314.1592712402344,1.0
591,-0.46434783935546875,0.9075701832771301,-2.995889663696289,-0.46434783935546875,11.945816993713379,1.1945817470550537,0.4018784463405609,0.4018784463405609,0.5981215238571167,29.77777862548828,12.0,12.6159086227417,-2.415682077407837,1.8580963611602783,42.0,314.1592712402344,1.0
592,-0.6195296049118042,0.9709218144416809,-3.492908477783203,-0.6195296049118042,11.904191970825195,1.1904191970825195,0.3782047629356384,0.3782047629356384,0.6217952370643616,29.778078079223633,12.0,12.617608070373535,-2.3238446712493896,1.858345627784729,42.0,314.1592712402344,1.0
593,-0.9892273545265198,1.2929590940475464,-4.806177139282227,-0.9892273545265198,11.850902557373047,1.1850903034210205,0.3543727397918701,0.3543727397918701,0.6456272602081299,29.778316497802734,12.0,12.619367599487305,-2.4194157123565674,1.8586316108703613,42.0,314.1592712402344,1.0
594,-1.075946569442749,1.435500144958496,-5.846437454223633,-1.075946569442749,11.78573989868164,1.1785739660263062,0.3307913541793823,0.3307913541793823,0.6692086458206177,29.778675079345703,12.0,12.621142387390137,-2.447232723236084,1.8589081764221191,42.0,314.1592712402344,1.0
595,-1.2676417827606201,1.667789340019226,-7.516864776611328,-1.2676417827606201,11.70924186706543,1.170924186706543,0.3073106110095978,0.3073106110095978,0.6926894187927246,29.778823852539062,12.0,12.623027801513672,-2.6984941959381104,1.859192132949829,42.0,314.1592712402344,1.0
596,-1.4821577072143555,1.8631234169006348,-9.103529930114746,-1.4821577072143555,11.620800971984863,1.1620800495147705,0.2838994860649109,0.2838994860649109,0.7161005139350891,29.77912139892578,12.0,12.625007629394531,-2.939173460006714,1.8594868183135986,42.0,314.1592712402344,1.0
597,-1.6008261442184448,1.9898266792297363,-10.234663009643555,-1.6008261442184448,11.52122974395752,1.152122974395752,0.26080137491226196,0.26080137491226196,0.739198625087738,29.779359817504883,12.0,12.627006530761719,-2.995262861251831,1.8597769737243652,42.0,314.1592712402344,1.0
598,-1.9522671699523926,2.264350175857544,-11.816983222961426,-1.9522671699523926,11.410024642944336,1.1410024166107178,0.2374768853187561,0.2374768853187561,0.7625231146812439,29.779508590698242,12.0,12.6290922164917,-3.2797203063964844,1.8600983619689941,42.0,314.1592712402344,1.0
599,-2.130269765853882,2.428008556365967,-12.767561912536621,-2.130269765853882,11.287731170654297,1.1287730932235718,0.2144102156162262,0.2144102156162262,0.7855898141860962,29.77971649169922,12.0,12.6311674118042,-3.238698959350586,1.86042320728302,42.0,314.1592712402344,1.0
600,-2.2443740367889404,2.56527042388916,-14.66832160949707,-2.2443740367889404,11.154241561889648,1.1154241561889648,0.191771000623703,0.191771000623703,0.8082289695739746,29.779922485351562,12.0,12.63337230682373,-3.758744239807129,1.860742211341858,42.0,314.1592712402344,1.0
601,-2.413248300552368,2.8028388023376465,-15.483779907226562,-2.413248300552368,11.009712219238281,1.1009712219238281,0.16944822669029236,0.16944822669029236,0.8305517435073853,29.780128479003906,12.0,12.635542869567871,-3.610766887664795,1.8610639572143555,42.0,314.1592712402344,1.0
602,-2.6825344562530518,3.0034523010253906,-16.703411102294922,-2.6825344562530518,10.854461669921875,1.0854461193084717,0.14715644717216492,0.14715644717216492,0.8528435230255127,29.780244827270508,12.0,12.637741088867188,-3.74111008644104,1.8614028692245483,42.0,314.1592712402344,1.0
603,-2.846844434738159,3.188227653503418,-18.15100860595703,-2.846844434738159,10.688267707824707,1.0688267946243286,0.12524312734603882,0.12524312734603882,0.8747568726539612,29.780391693115234,12.0,12.639999389648438,-4.046370029449463,1.8617432117462158,42.0,314.1592712402344,1.0
604,-2.9883337020874023,3.177669048309326,-19.459930419921875,-2.9883337020874023,10.511837005615234,1.0511837005615234,0.10383281111717224,0.10383281111717224,0.8961671590805054,29.780479431152344,12.0,12.642294883728027,-4.257047653198242,1.8620820045471191,42.0,314.1592712402344,1.0
605,-3.1663362979888916,3.49442720413208,-21.09084701538086,-3.1663362979888916,10.324666023254395,1.0324666500091553,0.08278205990791321,0.10000000149011612,0.8999999761581421,29.780567169189453,12.0,12.644672393798828,-4.740634441375732,1.862424612045288,42.0,314.1592712402344,1.0
606,-3.002026319503784,3.2621378898620605,-20.998790740966797,-3.002026319503784,10.127585411071777,1.012758493423462,0.06341412663459778,0.10000000149011612,0.8999999761581421,29.78041648864746,12.0,12.646896362304688,-3.7657320499420166,1.862725019454956,42.0,314.1592712402344,1.0
607,-3.0796170234680176,3.399399757385254,-21.17697525024414,-3.0796170234680176,9.920337677001953,0.9920337796211243,0.04476213455200195,0.10000000149011612,0.8999999761581421,29.78035545349121,12.0,12.649015426635742,-3.0494773387908936,1.8630183935165405,42.0,314.1592712402344,1.0
608,-3.0750529766082764,3.246299982070923,-21.404544830322266,-3.0750529766082764,9.703391075134277,0.9703391194343567,0.02713114023208618,0.10000000149011612,0.8999999761581421,29.78023338317871,12.0,12.651043891906738,-2.3991479873657227,1.863295078277588,42.0,314.1592712402344,1.0
609,-3.0567963123321533,3.3043723106384277,-21.22399139404297,-3.0567963123321533,9.476877212524414,0.9476877450942993,0.010565638542175293,0.10000000149011612,0.8999999761581421,29.78032112121582,12.0,12.65294075012207,-1.3729677200317383,1.8635547161102295,42.0,314.1592712402344,1.0
610,-3.0248470306396484,3.293813705444336,-20.997211456298828,-3.0248470306396484,9.240927696228027,0.9240927696228027,-0.00493931770324707,0.10000000149011612,0.8999999761581421,29.780349731445312,12.0,12.654711723327637,-0.33009153604507446,1.8637971878051758,42.0,314.1592712402344,1.0
611,-3.1070022583007812,3.2568585872650146,-20.86090660095215,-3.1070022583007812,8.99603271484375,0.8996032476425171,-0.019858956336975098,0.10000000149011612,0.8999999761581421,29.780227661132812,12.0,12.656378746032715,0.5830952525138855,1.8640378713607788,42.0,314.1592712402344,1.0
612,-3.138951301574707,3.3677239418029785,-21.177764892578125,-3.138951301574707,8.742013931274414,0.8742014169692993,-0.03404718637466431,0.10000000149011612,0.8999999761581421,29.780136108398438,12.0,12.658004760742188,0.9661080241203308,1.8642714023590088,42.0,314.1592712402344,1.0
613,-2.9700770378112793,3.3043723106384277,-21.177764892578125,-2.9700770378112793,8.479625701904297,0.8479625582695007,-0.0467066764831543,0.10000000149011612,0.8999999761581421,29.78010368347168,12.0,12.65955924987793,1.6761761903762817,1.8644760847091675,42.0,314.1592712402344,1.0
614,-3.03397536277771,3.388841152191162,-20.952171325683594,-3.03397536277771,8.208621978759766,0.8208621740341187,-0.05888253450393677,0.10000000149011612,0.8999999761581421,29.78022003173828,12.0,12.661026000976562,2.6095809936523438,1.8646799325942993,42.0,314.1592712402344,1.0
615,-3.0796170234680176,3.2726964950561523,-20.406164169311523,-3.0796170234680176,7.92969274520874,0.792969286441803,-0.07048779726028442,0.10000000149011612,0.8999999761581421,29.78021812438965,12.0,12.662381172180176,3.879598379135132,1.8648813962936401,42.0,314.1592712402344,1.0
616,-3.0613603591918945,3.383561849594116,-20.723020553588867,-3.0613603591918945,7.642846584320068,0.7642846703529358,-0.08134561777114868,0.10000000149011612,0.8999999761581421,29.779977798461914,12.0,12.663723945617676,4.033814907073975,1.8650745153427124,42.0,314.1592712402344,1.0
617,-3.0613603591918945,3.3730032444000244,-20.81389045715332,-3.0613603591918945,7.348485946655273,0.7348486185073853,-0.09156334400177002,0.10000000149011612,0.8999999761581421,29.779916763305664,12.0,12.665035247802734,4.440306663513184,1.8652621507644653,42.0,314.1592712402344,1.0
618,-3.0065903663635254,3.3096516132354736,-21.131935119628906,-3.0065903663635254,7.04692268371582,0.7046922445297241,-0.10097986459732056,0.10000000149011612,0.8999999761581421,29.77991485595703,12.0,12.666340827941895,4.513836860656738,1.8654398918151855,42.0,314.1592712402344,1.0
619,-3.0567963123321533,3.4099583625793457,-21.08808135986328,-3.0567963123321533,6.7383012771606445,0.6738301515579224,-0.11005586385726929,0.10000000149011612,0.8999999761581421,29.779823303222656,12.0,12.667611122131348,5.031490325927734,1.8656184673309326,42.0,314.1592712402344,1.0
620,-3.0567963123321533,3.283255100250244,-21.041854858398438,-3.0567963123321533,6.4231953620910645,0.6423195600509644,-0.11858320236206055,0.10000000149011612,0.8999999761581421,29.779821395874023,12.0,12.668850898742676,5.505220890045166,1.8657938241958618,42.0,314.1592712402344,1.0
621,-3.102437973022461,3.4205169677734375,-21.35910987854004,-3.102437973022461,6.101536750793457,0.6101536750793457,-0.12680530548095703,0.10000000149011612,0.8999999761581421,29.77972984313965,12.0,12.67009449005127,5.433579921722412,1.8659701347351074,42.0,314.1592712402344,1.0
622,-3.0248470306396484,3.383561849594116,-21.133516311645508,-3.0248470306396484,5.774038314819336,0.5774038434028625,-0.13427388668060303,0.10000000149011612,0.8999999761581421,29.779727935791016,12.0,12.67130184173584,6.088014602661133,1.8661381006240845,42.0,314.1592712402344,1.0
623,-3.102437973022461,3.3571653366088867,-21.086894989013672,-3.102437973022461,5.440707683563232,0.5440707802772522,-0.14158010482788086,0.10000000149011612,0.8999999761581421,29.77978515625,12.0,12.672492027282715,6.432130336761475,1.8663101196289062,42.0,314.1592712402344,1.0
624,-3.0294113159179688,3.3149309158325195,-20.906341552734375,-3.0294113159179688,5.1020917892456055,0.5102092027664185,-0.14824336767196655,0.10000000149011612,0.8999999761581421,29.779813766479492,12.0,12.673659324645996,6.921878337860107,1.8664759397506714,42.0,314.1592712402344,1.0
625,-3.084181308746338,3.4205169677734375,-21.087291717529297,-3.084181308746338,4.7584123611450195,0.475841224193573,-0.15470224618911743,0.10000000149011612,0.8999999761581421,29.77981185913086,12.0,12.674830436706543,6.829848289489746,1.8666443824768066,42.0,314.1592712402344,1.0
626,-2.965512990951538,3.441634178161621,-21.630929946899414,-2.965512990951538,4.4100260734558105,0.44100260734558105,-0.16051077842712402,0.10000000149011612,0.8999999761581421,29.77989959716797,12.0,12.67602825164795,6.167848110198975,1.8668053150177002,42.0,314.1592712402344,1.0
627,-3.0567963123321533,3.3096516132354736,-20.9517765045166,-3.0567963123321533,4.057343482971191,0.4057343602180481,-0.16621243953704834,0.10000000149011612,0.8999999761581421,29.779987335205078,12.0,12.677184104919434,7.325121879577637,1.8669711351394653,42.0,314.1592712402344,1.0
628,-3.120694637298584,3.3624446392059326,-20.99760627746582,-3.120694637298584,3.7005720138549805,0.37005719542503357,-0.17174285650253296,0.10000000149011612,0.8999999761581421,29.77995491027832,12.0,12.678339958190918,7.301815509796143,1.8671400547027588,42.0,314.1592712402344,1.0
629,-3.0431036949157715,3.3149309158325195,-20.998001098632812,-3.0431036949157715,3.3402538299560547,0.33402538299560547,-0.17674165964126587,0.10000000149011612,0.8999999761581421,29.779983520507812,12.0,12.679494857788086,7.3103742599487305,1.8673053979873657,42.0,314.1592712402344,1.0
630,-3.0567963123321533,3.4099583625793457,-21.086894989013672,-3.0567963123321533,2.97652006149292,0.297652006149292,-0.181479811668396,0.10000000149011612,0.8999999761581421,29.779802322387695,12.0,12.680654525756836,7.143941879272461,1.8674715757369995,42.0,314.1592712402344,1.0
631,-3.0613603591918945,3.299093008041382,-21.042251586914062,-3.0613603591918945,2.6099348068237305,0.26099348068237305,-0.18589287996292114,0.10000000149011612,0.8999999761581421,29.77971076965332,12.0,12.681814193725586,7.153128147125244,1.8676382303237915,42.0,314.1592712402344,1.0
632,-3.1252589225769043,3.3043723106384277,-21.358715057373047,-3.1252589225769043,2.2407279014587402,0.22407278418540955,-0.1900653839111328,0.10000000149011612,0.8999999761581421,29.77985954284668,12.0,12.682985305786133,6.558323383331299,1.867807149887085,42.0,314.1592712402344,1.0
633,-3.052232027053833,3.446913480758667,-21.041854858398438,-3.052232027053833,1.8693327903747559,0.18693327903747559,-0.19379973411560059,0.10000000149011612,0.8999999761581421,29.779827117919922,12.0,12.684149742126465,6.946539402008057,1.8679745197296143,42.0,314.1592712402344,1.0
634,-3.047667980194092,3.341327428817749,-21.131145477294922,-3.047667980194092,1.496090054512024,0.14960899949073792,-0.19719058275222778,0.10000000149011612,0.8999999761581421,29.779766082763672,12.0,12.685317993164062,6.6366167068481445,1.8681421279907227,42.0,314.1592712402344,1.0
635,-3.088745594024658,3.489147901535034,-21.088476181030273,-3.088745594024658,1.1213618516921997,0.11213618516921997,-0.20026475191116333,0.10000000149011612,0.8999999761581421,29.779794692993164,12.0,12.686488151550293,6.511131763458252,1.8683106899261475,42.0,314.1592712402344,1.0
636,-2.9746413230895996,3.3571653366088867,-20.861696243286133,-2.9746413230895996,0.7455451488494873,0.07455451786518097,-0.20290493965148926,0.10000000149011612,0.8999999761581421,29.77979278564453,12.0,12.687657356262207,6.6448516845703125,1.8684782981872559,42.0,314.1592712402344,1.0
637,-3.0978739261627197,3.3782825469970703,-20.58829689025879,-3.0978739261627197,0.36897337436676025,0.036897338926792145,-0.20521843433380127,0.10000000149011612,0.8999999761581421,29.779760360717773,12.0,12.688824653625488,6.807555675506592,1.8686466217041016,42.0,314.1592712402344,1.0
638,-3.070488691329956,3.446913480758667,-20.86130142211914,-3.070488691329956,-0.007954331114888191,-0.0007954331231303513,-0.20708507299423218,0.10000000149011612,0.8999999761581421,29.779727935791016,12.0,12.68999195098877,6.0539703369140625,1.8688149452209473,42.0,314.1592712402344,1.0
639,-3.0750529766082764,3.3254895210266113,-21.17697525024414,-3.0750529766082764,-0.38487258553504944,-0.038487259298563004,-0.20851737260818481,0.10000000149011612,0.8999999761581421,29.779726028442383,12.0,12.691156387329102,5.232088088989258,1.8689830303192139,42.0,314.1592712402344,1.0
640,-3.0567963123321533,3.394120454788208,-21.042646408081055,-3.0567963123321533,-0.7614156603813171,-0.07614156603813171,-0.2094828486442566,0.10000000149011612,0.8999999761581421,29.779693603515625,12.0,12.692320823669434,5.128905296325684,1.869150996208191,42.0,314.1592712402344,1.0
641,-3.084181308746338,3.3677239418029785,-20.498611450195312,-3.084181308746338,-1.1372013092041016,-0.1137201339006424,-0.20993435382843018,0.10000000149011612,0.8999999761581421,29.7796630859375,12.0,12.693490028381348,5.6427106857299805,1.8693181276321411,42.0,314.1592712402344,1.0
642,-3.120694637298584,3.4627513885498047,-21.269426345825195,-3.120694637298584,-1.5118650197982788,-0.1511864960193634,-0.20980113744735718,0.10000000149011612,0.8999999761581421,29.7796630859375,12.0,12.6946382522583,4.0164899826049805,1.8694838285446167,42.0,314.1592712402344,1.0
643,-3.065924644470215,3.3571653366088867,-21.13272476196289,-3.065924644470215,-1.8850504159927368,-0.18850503861904144,-0.20916152000427246,0.10000000149011612,0.8999999761581421,29.779542922973633,12.0,12.695784568786621,3.867598056793213,1.8696500062942505,42.0,314.1592712402344,1.0
644,-3.03397536277771,3.3149309158325195,-21.086105346679688,-3.03397536277771,-2.256345272064209,-0.22563453018665314,-0.20800256729125977,0.10000000149011612,0.8999999761581421,29.779573440551758,12.0,12.696924209594727,3.5502305030822754,1.8698158264160156,42.0,314.1592712402344,1.0
645,-3.084181308746338,3.4205169677734375,-21.04343605041504,-3.084181308746338,-2.625473976135254,-0.26254740357398987,-0.20611155033111572,0.10000000149011612,0.8999999761581421,29.779691696166992,12.0,12.698055267333984,3.2091212272644043,1.869978427886963,42.0,314.1592712402344,1.0
646,-3.0796170234680176,3.4152376651763916,-21.08768653869629,-3.0796170234680176,-2.9919281005859375,-0.2991928160190582,-0.2035921812057495,0.10000000149011612,0.8999999761581421,29.779722213745117,12.0,12.699173927307129,2.718846082687378,1.8701395988464355,42.0,314.1592712402344,1.0
647,-3.015718698501587,3.4152376651763916,-20.95138168334961,-3.015718698501587,-3.355510711669922,-0.33555108308792114,-0.2005215883255005,0.10000000149011612,0.8999999761581421,29.779809951782227,12.0,12.700285911560059,2.498868942260742,1.8703017234802246,42.0,314.1592712402344,1.0
648,-3.0385396480560303,3.346606731414795,-21.22280502319336,-3.0385396480560303,-3.7157063484191895,-0.3715706467628479,-0.19669568538665771,0.10000000149011612,0.8999999761581421,29.779897689819336,12.0,12.701370239257812,1.641732096672058,1.8704605102539062,42.0,314.1592712402344,1.0
649,-3.03397536277771,3.3307688236236572,-21.042251586914062,-3.03397536277771,-4.072287082672119,-0.4072287082672119,-0.19214707612991333,0.10000000149011612,0.8999999761581421,29.779926300048828,12.0,12.702448844909668,1.4800053834915161,1.8706170320510864,42.0,314.1592712402344,1.0
650,-3.0933096408843994,3.3149309158325195,-20.589481353759766,-3.0933096408843994,-4.424831390380859,-0.442483127117157,-0.18666857481002808,0.10000000149011612,0.8999999761581421,29.77989387512207,12.0,12.703536033630371,1.699351191520691,1.8707672357559204,42.0,314.1592712402344,1.0
651,-3.088745594024658,3.4099583625793457,-21.36029624938965,-3.088745594024658,-4.772993564605713,-0.47729936242103577,-0.18038040399551392,0.10000000149011612,0.8999999761581421,29.77983283996582,12.0,12.704553604125977,0.08774106204509735,1.8709148168563843,42.0,314.1592712402344,1.0
652,-3.052232027053833,3.3730032444000244,-21.17974090576172,-3.052232027053833,-5.116511344909668,-0.5116511583328247,-0.17336833477020264,0.10000000149011612,0.8999999761581421,29.779800415039062,12.0,12.705562591552734,-0.08262470364570618,1.8710618019104004,42.0,314.1592712402344,1.0
653,-3.065924644470215,3.3149309158325195,-21.404544830322266,-3.065924644470215,-5.454869747161865,-0.5454869866371155,-0.16546779870986938,0.10000000149011612,0.8999999761581421,29.779888153076172,12.0,12.70653247833252,-0.8455609679222107,1.8712042570114136,42.0,314.1592712402344,1.0
654,-3.03397536277771,3.336048126220703,-21.043041229248047,-3.03397536277771,-5.78800630569458,-0.578800618648529,-0.15679997205734253,0.10000000149011612,0.8999999761581421,29.779855728149414,12.0,12.70750617980957,-0.7693832516670227,1.8713454008102417,42.0,314.1592712402344,1.0
655,-3.0933096408843994,3.3782825469970703,-21.1339111328125,-3.0933096408843994,-6.115231990814209,-0.6115232110023499,-0.14703750610351562,0.10000000149011612,0.8999999761581421,29.7799129486084,12.0,12.70844554901123,-1.3447757959365845,1.871477723121643,42.0,314.1592712402344,1.0
656,-3.0065903663635254,3.394120454788208,-20.541675567626953,-3.0065903663635254,-6.436582088470459,-0.6436582207679749,-0.1367059350013733,0.10000000149011612,0.8999999761581421,29.77994155883789,12.0,12.709407806396484,-0.9897869825363159,1.8716133832931519,42.0,314.1592712402344,1.0
657,-3.0294113159179688,3.283255100250244,-20.950590133666992,-3.0294113159179688,-6.751471996307373,-0.6751471757888794,-0.12536346912384033,0.10000000149011612,0.8999999761581421,29.77988052368164,12.0,12.71030044555664,-2.0016167163848877,1.8717422485351562,42.0,314.1592712402344,1.0
658,-3.03397536277771,3.399399757385254,-20.90713119506836,-3.03397536277771,-7.059757232666016,-0.7059757113456726,-0.11307573318481445,0.10000000149011612,0.8999999761581421,29.779909133911133,12.0,12.711165428161621,-2.384363889694214,1.87186598777771,42.0,314.1592712402344,1.0
659,-3.0750529766082764,3.3782825469970703,-21.08966064453125,-3.0750529766082764,-7.361085891723633,-0.7361086010932922,-0.09967303276062012,0.10000000149011612,0.8999999761581421,29.7799072265625,12.0,12.711978912353516,-3.046889305114746,1.8719806671142578,42.0,314.1592712402344,1.0
660,-3.0933096408843994,3.441634178161621,-21.131935119628906,-3.0933096408843994,-7.655080795288086,-0.7655080556869507,-0.08526307344436646,0.10000000149011612,0.8999999761581421,29.779756546020508,12.0,12.712754249572754,-3.5112383365631104,1.8720883131027222,42.0,314.1592712402344,1.0
661,-3.0385396480560303,3.4152376651763916,-21.043041229248047,-3.0385396480560303,-7.941671848297119,-0.794167160987854,-0.07011497020721436,0.10000000149011612,0.8999999761581421,29.779844284057617,12.0,12.71350383758545,-3.805464029312134,1.8721966743469238,42.0,314.1592712402344,1.0
662,-3.0248470306396484,3.383561849594116,-21.314069747924805,-3.0248470306396484,-8.220207214355469,-0.8220207095146179,-0.05408710241317749,0.10000000149011612,0.8999999761581421,29.779932022094727,12.0,12.714186668395996,-4.514893531799316,1.8723009824752808,42.0,314.1592712402344,1.0
663,-3.084181308746338,3.4205169677734375,-20.906736373901367,-3.084181308746338,-8.49087142944336,-0.849087119102478,-0.03688037395477295,0.10000000149011612,0.8999999761581421,29.77996063232422,12.0,12.71487808227539,-4.425145149230957,1.8723927736282349,42.0,314.1592712402344,1.0
664,-3.084181308746338,3.394120454788208,-21.131145477294922,-3.084181308746338,-8.752913475036621,-0.8752913475036621,-0.01874852180480957,0.10000000149011612,0.8999999761581421,29.77998924255371,12.0,12.715502738952637,-5.048742771148682,1.8724788427352905,42.0,314.1592712402344,1.0
665,-3.0294113159179688,3.536661386489868,-21.087291717529297,-3.0294113159179688,-9.00649642944336,-0.9006496667861938,7.963180541992188e-05,0.10000000149011612,0.8999999761581421,29.780136108398438,12.0,12.716092109680176,-5.3563408851623535,1.8725656270980835,42.0,314.1592712402344,1.0
666,-3.015718698501587,3.3096516132354736,-20.769245147705078,-3.015718698501587,-9.251091003417969,-0.9251090884208679,0.01973271369934082,0.10000000149011612,0.8999999761581421,29.780044555664062,12.0,12.716678619384766,-5.3765387535095215,1.872647762298584,42.0,314.1592712402344,1.0
667,-3.120694637298584,3.4046790599823,-21.042251586914062,-3.120694637298584,-9.486583709716797,-0.9486583471298218,0.04069244861602783,0.10000000149011612,0.8999999761581421,29.780012130737305,12.0,12.71718692779541,-5.986462593078613,1.8727102279663086,42.0,314.1592712402344,1.0
668,-3.0613603591918945,3.3624446392059326,-20.862485885620117,-3.0613603591918945,-9.712785720825195,-0.9712785482406616,0.062273234128952026,0.10000000149011612,0.8999999761581421,29.779951095581055,12.0,12.717674255371094,-6.133577823638916,1.872774362564087,42.0,314.1592712402344,1.0
669,-3.0796170234680176,3.3571653366088867,-21.041065216064453,-3.0796170234680176,-9.929252624511719,-0.9929252862930298,0.08475232124328613,0.10000000149011612,0.8999999761581421,29.779949188232422,12.0,12.718092918395996,-6.601158142089844,1.8728296756744385,42.0,314.1592712402344,1.0
670,-2.9928979873657227,3.336048126220703,-21.133121490478516,-2.9928979873657227,-10.136177062988281,-1.013617753982544,0.10772767663002014,0.10772767663002014,0.8922723531723022,29.77994728088379,12.0,12.718454360961914,-6.963447570800781,1.8728902339935303,42.0,314.1592712402344,1.0
671,-2.947256326675415,3.241020679473877,-20.907920837402344,-2.947256326675415,-10.332757949829102,-1.033275842666626,0.13129529356956482,0.13129529356956482,0.8687046766281128,29.780094146728516,12.0,12.718801498413086,-7.04572057723999,1.8729499578475952,42.0,314.1592712402344,1.0
672,-2.563865900039673,3.1037588119506836,-19.097240447998047,-2.563865900039673,-10.519442558288574,-1.0519442558288574,0.1542254090309143,0.1542254090309143,0.8457745909690857,29.780271530151367,12.0,12.719354629516602,-5.916182518005371,1.8730556964874268,42.0,314.1592712402344,1.0
673,-2.413248300552368,2.829235315322876,-18.553997039794922,-2.413248300552368,-10.695505142211914,-1.0695505142211914,0.1773613691329956,0.1773613691329956,0.8226386308670044,29.780359268188477,12.0,12.719924926757812,-5.829150199890137,1.8731725215911865,42.0,314.1592712402344,1.0
674,-2.221553325653076,2.56527042388916,-17.514129638671875,-2.221553325653076,-10.86117172241211,-1.086117148399353,0.20055970549583435,0.20055970549583435,0.7994402647018433,29.780715942382812,12.0,12.7205810546875,-5.424526214599609,1.8733056783676147,42.0,314.1592712402344,1.0
675,-2.0344221591949463,2.369936227798462,-15.342340469360352,-2.0344221591949463,-11.016067504882812,-1.1016067266464233,0.22379708290100098,0.22379708290100098,0.776202917098999,29.780832290649414,12.0,12.721484184265137,-4.359597206115723,1.8734537363052368,42.0,314.1592712402344,1.0
676,-1.9340105056762695,2.3277018070220947,-14.395317077636719,-1.9340105056762695,-11.160057067871094,-1.1160056591033936,0.2473529577255249,0.2473529577255249,0.7526470422744751,29.781038284301758,12.0,12.722441673278809,-4.145177841186523,1.873603105545044,42.0,314.1592712402344,1.0
677,-1.5734411478042603,2.0215024948120117,-12.991181373596191,-1.5734411478042603,-11.293180465698242,-1.1293179988861084,0.2705279588699341,0.2705279588699341,0.7294720411300659,29.781333923339844,12.0,12.723517417907715,-3.71799635887146,1.8737924098968506,42.0,314.1592712402344,1.0
678,-1.4821577072143555,1.831447720527649,-11.813822746276855,-1.4821577072143555,-11.41491985321045,-1.1414920091629028,0.2940085530281067,0.2940085530281067,0.7059914469718933,29.781719207763672,12.0,12.724671363830566,-3.4646129608154297,1.873979091644287,42.0,314.1592712402344,1.0
679,-1.2493849992752075,1.7047444581985474,-10.188833236694336,-1.2493849992752075,-11.52573013305664,-1.1525729894638062,0.3174600601196289,0.3174600601196289,0.6825399398803711,29.782163619995117,12.0,12.725967407226562,-3.0534894466400146,1.8741846084594727,42.0,314.1592712402344,1.0
680,-1.0531257390975952,1.4302208423614502,-8.920209884643555,-1.0531257390975952,-11.624759674072266,-1.1624759435653687,0.3409600257873535,0.3409600257873535,0.6590399742126465,29.782367706298828,12.0,12.727341651916504,-2.849924325942993,1.874402403831482,42.0,314.1592712402344,1.0
681,-0.9344573616981506,1.4143829345703125,-7.246230125427246,-0.9344573616981506,-11.712631225585938,-1.1712630987167358,0.3646428883075714,0.3646428883075714,0.635357141494751,29.78263282775879,12.0,12.728854179382324,-2.5430679321289062,1.8746196031570435,42.0,314.1592712402344,1.0
682,-0.6012729406356812,1.2348867654800415,-6.161321640014648,-0.6012729406356812,-11.78874683380127,-1.1788747310638428,0.38817018270492554,0.38817018270492554,0.6118298172950745,29.782926559448242,12.0,12.7304048538208,-2.470219373703003,1.874869704246521,42.0,314.1592712402344,1.0
683,-0.46434783935546875,1.0237147808074951,-5.5279998779296875,-0.46434783935546875,-11.85333251953125,-1.185333251953125,0.41182929277420044,0.41182929277420044,0.5881707072257996,29.783281326293945,12.0,12.73192024230957,-2.526273727416992,1.8751201629638672,42.0,314.1592712402344,1.0
684,-0.3000377416610718,0.8547772169113159,-3.537158966064453,-0.3000377416610718,-11.906234741210938,-1.1906235218048096,0.4355522096157074,0.4355522096157074,0.5644477605819702,29.783456802368164,12.0,12.733614921569824,-2.3008182048797607,1.8753752708435059,42.0,314.1592712402344,1.0
685,-0.3000377416610718,0.9075701832771301,-2.588162422180176,-0.3000377416610718,-11.94727897644043,-1.194727897644043,0.45945441722869873,0.45945441722869873,0.5405455827713013,29.783811569213867,12.0,12.73531436920166,-2.296025276184082,1.8756085634231567,42.0,314.1592712402344,1.0
686,0.019454147666692734,0.6700016856193542,-1.4115943908691406,0.019454147666692734,-11.976761817932129,-1.197676181793213,0.4833121597766876,0.4833121597766876,0.5166878700256348,29.78404426574707,12.0,12.737052917480469,-2.2708773612976074,1.8758716583251953,42.0,314.1592712402344,1.0
687,0.08335252106189728,0.47994691133499146,-0.8233108520507812,0.08335252106189728,-11.994099617004395,-1.1994099617004395,0.5072128176689148,0.5072128176689148,0.4927871823310852,29.7843074798584,12.0,12.73873519897461,-2.288003921508789,1.8761224746704102,42.0,314.1592712402344,1.0
688,0.23853430151939392,0.44827112555503845,0.26001644134521484,0.23853430151939392,-11.999951362609863,-1.1999951601028442,0.5311093926429749,0.5311093926429749,0.46889060735702515,29.784629821777344,12.0,12.740442276000977,-2.287982940673828,1.8763761520385742,42.0,314.1592712402344,1.0
689,0.3572027087211609,0.20542332530021667,1.3034391403198242,0.3572027087211609,-11.993612289428711,-1.1993612051010132,0.5549706816673279,0.5549706816673279,0.4450293183326721,29.784893035888672,12.0,12.742166519165039,-2.2933034896850586,1.8766266107559204,42.0,314.1592712402344,1.0
690,0.4484861195087433,0.25821632146835327,1.8458919525146484,0.4484861195087433,-11.975688934326172,-1.1975688934326172,0.5787481069564819,0.5787481069564819,0.42125189304351807,29.78509521484375,12.0,12.743826866149902,-2.2526907920837402,1.876869797706604,42.0,314.1592712402344,1.0
691,0.6766945719718933,0.031206432729959488,2.8849706649780273,0.6766945719718933,-11.945816040039062,-1.1945816278457642,0.602512001991272,0.602512001991272,0.397487998008728,29.785507202148438,12.0,12.745505332946777,-2.2699761390686035,1.8771275281906128,42.0,314.1592712402344,1.0
692,0.7999271750450134,-0.2538757622241974,3.5645179748535156,0.7999271750450134,-11.904190063476562,-1.1904189586639404,0.62614506483078,0.62614506483078,0.37385493516921997,29.78582763671875,12.0,12.747143745422363,-2.2198681831359863,1.877382755279541,42.0,314.1592712402344,1.0
693,0.9961864948272705,-0.4175340533256531,5.690873146057129,0.9961864948272705,-11.85090160369873,-1.185090184211731,0.6497256755828857,0.6497256755828857,0.35027432441711426,29.785879135131836,12.0,12.74897289276123,-2.522545337677002,1.877647042274475,42.0,314.1592712402344,1.0
694,1.2243949174880981,-0.5495165586471558,6.414276123046875,1.2243949174880981,-11.785737991333008,-1.1785738468170166,0.67326819896698,0.67326819896698,0.32673180103302,29.786109924316406,12.0,12.750762939453125,-2.4478583335876465,1.8779250383377075,42.0,314.1592712402344,1.0
695,1.4936809539794922,-0.7395713329315186,7.861872673034668,1.4936809539794922,-11.709240913391113,-1.1709240674972534,0.6968302130699158,0.6968302130699158,0.30316978693008423,29.786399841308594,12.0,12.752629280090332,-2.618516445159912,1.8782223463058472,42.0,314.1592712402344,1.0
696,1.6579910516738892,-0.9243468046188354,9.218204498291016,1.6579910516738892,-11.62079906463623,-1.162079930305481,0.7202069759368896,0.7202069759368896,0.27979302406311035,29.78666114807129,12.0,12.75455379486084,-2.768934488296509,1.8785218000411987,42.0,314.1592712402344,1.0
697,1.8314296007156372,-1.1091222763061523,10.527915954589844,1.8314296007156372,-11.52122688293457,-1.1521227359771729,0.7433837652206421,0.7433837652206421,0.2566162347793579,29.786832809448242,12.0,12.756526947021484,-2.9108028411865234,1.8788249492645264,42.0,314.1592712402344,1.0
698,2.02768874168396,-1.3361321687698364,12.250097274780273,2.02768874168396,-11.41002082824707,-1.1410020589828491,0.7664082050323486,0.7664082050323486,0.23359179496765137,29.787033081054688,12.0,12.7586088180542,-3.2664923667907715,1.8791351318359375,42.0,314.1592712402344,1.0
699,2.1783065795898438,-1.5050698518753052,13.109410285949707,2.1783065795898438,-11.287727355957031,-1.1287727355957031,0.7891149520874023,0.7891149520874023,0.21088504791259766,29.787233352661133,12.0,12.760665893554688,-3.174862861633301,1.879445195198059,42.0,314.1592712402344,1.0
700,2.4475924968719482,-1.7162418365478516,14.737165451049805,2.4475924968719482,-11.1542387008667,-1.1154239177703857,0.8118261098861694,0.8118261098861694,0.18817389011383057,29.78737449645996,12.0,12.762813568115234,-3.5359995365142822,1.8797730207443237,42.0,314.1592712402344,1.0
701,2.57995343208313,-1.974927544593811,15.82760238647461,2.57995343208313,-11.009708404541016,-1.1009708642959595,0.8341073989868164,0.8341073989868164,0.1658926010131836,29.787364959716797,12.0,12.764968872070312,-3.5720221996307373,1.8800976276397705,42.0,314.1592712402344,1.0
702,2.735135078430176,-2.1438651084899902,17.496843338012695,2.735135078430176,-10.854455947875977,-1.0854456424713135,0.8560119867324829,0.8560119867324829,0.1439880132675171,29.787593841552734,12.0,12.767216682434082,-4.008392333984375,1.880422830581665,42.0,314.1592712402344,1.0
703,2.9907286167144775,-2.254730463027954,18.628765106201172,2.9907286167144775,-10.688263893127441,-1.06882643699646,0.8778473138809204,0.8778473138809204,0.12215268611907959,29.78743553161621,12.0,12.769476890563965,-4.070095062255859,1.880763053894043,42.0,314.1592712402344,1.0
704,3.19155216217041,-2.349757671356201,19.443038940429688,3.19155216217041,-10.511833190917969,-1.0511833429336548,0.8993543982505798,0.8993543982505798,0.10064560174942017,29.78736686706543,12.0,12.771705627441406,-3.8977901935577393,1.8811099529266357,42.0,314.1592712402344,1.0
705,3.4562740325927734,-2.613722801208496,21.296785354614258,3.4562740325927734,-10.324661254882812,-1.032466173171997,0.9207875728607178,0.8999999761581421,0.10000000149011612,29.787446975708008,12.0,12.774049758911133,-4.578760147094727,1.881472110748291,42.0,314.1592712402344,1.0
706,3.2326297760009766,-2.318082094192505,21.20512580871582,3.2326297760009766,-10.127578735351562,-1.0127578973770142,0.9402779340744019,0.8999999761581421,0.10000000149011612,29.787288665771484,12.0,12.776240348815918,-3.611448287963867,1.881783127784729,42.0,314.1592712402344,1.0
707,3.2143731117248535,-2.349757671356201,21.705698013305664,3.2143731117248535,-9.920331001281738,-0.9920331239700317,0.9586865901947021,0.8999999761581421,0.10000000149011612,29.787311553955078,12.0,12.778368949890137,-3.1911001205444336,1.882073998451233,42.0,314.1592712402344,1.0
708,3.1641671657562256,-2.3339197635650635,20.981111526489258,3.1641671657562256,-9.703384399414062,-0.9703384637832642,0.9758737087249756,0.8999999761581421,0.10000000149011612,29.787363052368164,12.0,12.780284881591797,-1.6414963006973267,1.8823423385620117,42.0,314.1592712402344,1.0
709,3.241758108139038,-2.523974657058716,21.296390533447266,3.241758108139038,-9.476871490478516,-0.9476871490478516,0.9924120903015137,0.8999999761581421,0.10000000149011612,29.787294387817383,12.0,12.782135963439941,-1.1378252506256104,1.8826061487197876,42.0,314.1592712402344,1.0
710,3.1139612197875977,-2.465902328491211,21.29757308959961,3.1139612197875977,-9.240920066833496,-0.9240919947624207,1.0075167417526245,0.8999999761581421,0.10000000149011612,29.78719711303711,12.0,12.783889770507812,-0.339290052652359,1.882840871810913,42.0,314.1592712402344,1.0
711,3.123089551925659,-2.413109302520752,21.61404037475586,3.123089551925659,-8.996025085449219,-0.8996025323867798,1.0217955112457275,0.8999999761581421,0.10000000149011612,29.787189483642578,12.0,12.78559398651123,0.09616081416606903,1.8830654621124268,42.0,314.1592712402344,1.0
712,3.1961162090301514,-2.471181631088257,21.2529296875,3.1961162090301514,-8.742008209228516,-0.8742008209228516,1.0355379581451416,0.8999999761581421,0.10000000149011612,29.786943435668945,12.0,12.787176132202148,1.2419415712356567,1.8832883834838867,42.0,314.1592712402344,1.0
713,3.223501443862915,-2.40255069732666,21.161664962768555,3.223501443862915,-8.479619026184082,-0.8479619026184082,1.048550009727478,0.8999999761581421,0.10000000149011612,29.786815643310547,12.0,12.788679122924805,2.0401618480682373,1.8835049867630005,42.0,314.1592712402344,1.0
714,3.260014772415161,-2.4922988414764404,21.47852325439453,3.260014772415161,-8.20861530303955,-0.8208615183830261,1.0609427690505981,0.8999999761581421,0.10000000149011612,29.7867488861084,12.0,12.790155410766602,2.324354648590088,1.8837171792984009,42.0,314.1592712402344,1.0
715,3.086576223373413,-2.302244186401367,21.296785354614258,3.086576223373413,-7.929681777954102,-0.7929681539535522,1.0719025135040283,0.8999999761581421,0.10000000149011612,29.786441802978516,12.0,12.791556358337402,3.1722395420074463,1.8839036226272583,42.0,314.1592712402344,1.0
716,3.168731212615967,-2.465902328491211,21.433090209960938,3.168731212615967,-7.642838478088379,-0.7642838358879089,1.0825536251068115,0.8999999761581421,0.10000000149011612,29.7862548828125,12.0,12.792922973632812,3.5828983783721924,1.8840924501419067,42.0,314.1592712402344,1.0
717,3.19155216217041,-2.5503711700439453,21.252532958984375,3.19155216217041,-7.348477363586426,-0.7348477244377136,1.0926547050476074,0.8999999761581421,0.10000000149011612,29.78624725341797,12.0,12.794229507446289,4.353752613067627,1.8842781782150269,42.0,314.1592712402344,1.0
718,3.19155216217041,-2.4342265129089355,21.340639114379883,3.19155216217041,-7.046914100646973,-0.7046914100646973,1.1021586656570435,0.8999999761581421,0.10000000149011612,29.78597068786621,12.0,12.795509338378906,4.728280544281006,1.884459376335144,42.0,314.1592712402344,1.0
719,3.1778595447540283,-2.523974657058716,21.478130340576172,3.1778595447540283,-6.738291263580322,-0.6738291382789612,1.1110750436782837,0.8999999761581421,0.10000000149011612,29.78581428527832,12.0,12.796771049499512,4.996757507324219,1.8846354484558105,42.0,314.1592712402344,1.0
720,3.155038833618164,-2.4289472103118896,21.43427276611328,3.155038833618164,-6.423186302185059,-0.642318606376648,1.1193780899047852,0.8999999761581421,0.10000000149011612,29.785717010498047,12.0,12.798002243041992,5.469371795654297,1.8848063945770264,42.0,314.1592712402344,1.0
721,3.2326297760009766,-2.5503711700439453,21.253326416015625,3.2326297760009766,-6.101529121398926,-0.6101529002189636,1.1274898052215576,0.8999999761581421,0.10000000149011612,29.78553009033203,12.0,12.79919719696045,6.082591533660889,1.8849811553955078,42.0,314.1592712402344,1.0
722,3.2280654907226562,-2.560929775238037,21.116230010986328,3.2280654907226562,-5.7740302085876465,-0.5774030089378357,1.135096549987793,0.8999999761581421,0.10000000149011612,29.785253524780273,12.0,12.800365447998047,6.581035137176514,1.8851532936096191,42.0,314.1592712402344,1.0
723,3.173295497894287,-2.4975781440734863,21.840421676635742,3.173295497894287,-5.440699577331543,-0.5440699458122253,1.1421273946762085,0.8999999761581421,0.10000000149011612,29.785099029541016,12.0,12.801572799682617,5.806673049926758,1.8853195905685425,42.0,314.1592712402344,1.0
724,3.2143731117248535,-2.3444783687591553,21.343402862548828,3.2143731117248535,-5.10207986831665,-0.510208010673523,1.148877739906311,0.8999999761581421,0.10000000149011612,29.78482437133789,12.0,12.802733421325684,6.78311824798584,1.8854875564575195,42.0,314.1592712402344,1.0
725,3.2371938228607178,-2.40255069732666,21.477733612060547,3.2371938228607178,-4.758401870727539,-0.47584018111228943,1.1553083658218384,0.8999999761581421,0.10000000149011612,29.78458023071289,12.0,12.803894996643066,6.765915393829346,1.8856561183929443,42.0,314.1592712402344,1.0
726,3.209808826446533,-2.5345332622528076,21.117021560668945,3.209808826446533,-4.410016059875488,-0.4410015940666199,1.1612896919250488,0.8999999761581421,0.10000000149011612,29.78448486328125,12.0,12.80502986907959,7.44544792175293,1.8858224153518677,42.0,314.1592712402344,1.0
727,3.1596028804779053,-2.5292539596557617,21.3414306640625,3.1596028804779053,-4.057332992553711,-0.40573328733444214,1.166806936264038,0.8999999761581421,0.10000000149011612,29.78424072265625,12.0,12.806173324584961,7.185336589813232,1.8859857320785522,42.0,314.1592712402344,1.0
728,3.1596028804779053,-2.5820469856262207,21.613643646240234,3.1596028804779053,-3.700561046600342,-0.3700560927391052,1.172044277191162,0.8999999761581421,0.10000000149011612,29.784086227416992,12.0,12.807329177856445,6.825436592102051,1.8861490488052368,42.0,314.1592712402344,1.0
729,3.173295497894287,-2.4975781440734863,21.207889556884766,3.173295497894287,-3.340242862701416,-0.3340242803096771,1.1769787073135376,0.8999999761581421,0.10000000149011612,29.78390121459961,12.0,12.808465957641602,7.478057861328125,1.8863131999969482,42.0,314.1592712402344,1.0
730,3.223501443862915,-2.4870195388793945,21.29718017578125,3.223501443862915,-2.976511240005493,-0.29765111207962036,1.1817148923873901,0.8999999761581421,0.10000000149011612,29.783775329589844,12.0,12.809606552124023,7.302125930786133,1.8864794969558716,42.0,314.1592712402344,1.0
731,3.1459105014801025,-2.460623025894165,21.071189880371094,3.1459105014801025,-2.6099259853363037,-0.2609925866127014,1.1859967708587646,0.8999999761581421,0.10000000149011612,29.783411026000977,12.0,12.810741424560547,7.584675312042236,1.886643409729004,42.0,314.1592712402344,1.0
732,3.1824238300323486,-2.4975781440734863,21.704910278320312,3.1824238300323486,-2.2407188415527344,-0.22407189011573792,1.1900452375411987,0.8999999761581421,0.10000000149011612,29.78316879272461,12.0,12.811896324157715,6.471918106079102,1.8868088722229004,42.0,314.1592712402344,1.0
733,3.1139612197875977,-2.4817402362823486,21.389629364013672,3.1139612197875977,-1.8693194389343262,-0.18693193793296814,1.1937010288238525,0.8999999761581421,0.10000000149011612,29.782896041870117,12.0,12.813045501708984,6.86132287979126,1.8869730234146118,42.0,314.1592712402344,1.0
734,3.1596028804779053,-2.4447851181030273,21.343402862548828,3.1596028804779053,-1.4960789680480957,-0.14960789680480957,1.197090983390808,0.8999999761581421,0.10000000149011612,29.78250503540039,12.0,12.81419563293457,6.768947124481201,1.8871386051177979,42.0,314.1592712402344,1.0
735,3.209808826446533,-2.460623025894165,21.342220306396484,3.209808826446533,-1.121350646018982,-0.11213506758213043,1.2001782655715942,0.8999999761581421,0.10000000149011612,29.782262802124023,12.0,12.815347671508789,6.570666313171387,1.8873052597045898,42.0,314.1592712402344,1.0
736,3.1459105014801025,-2.4975781440734863,21.205915451049805,3.1459105014801025,-0.7455339431762695,-0.07455339282751083,1.2028486728668213,0.8999999761581421,0.10000000149011612,29.782020568847656,12.0,12.816499710083008,6.557213306427002,1.8874714374542236,42.0,314.1592712402344,1.0
737,3.1322178840637207,-2.5292539596557617,21.613643646240234,3.1322178840637207,-0.3689621388912201,-0.03689621388912201,1.2051697969436646,0.8999999761581421,0.10000000149011612,29.781837463378906,12.0,12.817654609680176,5.640395641326904,1.8876376152038574,42.0,314.1592712402344,1.0
738,3.123089551925659,-2.418388605117798,21.29718017578125,3.123089551925659,0.007964888587594032,0.0007964888354763389,1.207085371017456,0.8999999761581421,0.10000000149011612,29.781654357910156,12.0,12.818809509277344,5.882424831390381,1.8878037929534912,42.0,314.1592712402344,1.0
739,3.223501443862915,-2.4764609336853027,21.433090209960938,3.223501443862915,0.38488349318504333,0.03848835080862045,1.2085561752319336,0.8999999761581421,0.10000000149011612,29.781381607055664,12.0,12.819962501525879,5.354626178741455,1.8879692554473877,42.0,314.1592712402344,1.0
740,3.168731212615967,-2.4447851181030273,21.026151657104492,3.168731212615967,0.7614269256591797,0.07614269107580185,1.2095787525177002,0.8999999761581421,0.10000000149011612,29.78108024597168,12.0,12.821117401123047,5.678102016448975,1.8881349563598633,42.0,314.1592712402344,1.0
741,3.1413462162017822,-2.4764609336853027,21.569393157958984,3.1413462162017822,1.1372127532958984,0.11372127383947372,1.2101333141326904,0.8999999761581421,0.10000000149011612,29.780988693237305,12.0,12.822259902954102,4.4420013427734375,1.8883005380630493,42.0,314.1592712402344,1.0
742,3.1596028804779053,-2.4975781440734863,21.29875946044922,3.1596028804779053,1.5118770599365234,0.1511877030134201,1.2101714611053467,0.8999999761581421,0.10000000149011612,29.780628204345703,12.0,12.823403358459473,4.5191473960876465,1.8884650468826294,42.0,314.1592712402344,1.0
743,3.255450487136841,-2.4764609336853027,21.20828628540039,3.255450487136841,1.8850626945495605,0.18850627541542053,1.2095061540603638,0.8999999761581421,0.10000000149011612,29.78041648864746,12.0,12.824542999267578,4.272504806518555,1.888626217842102,42.0,314.1592712402344,1.0
744,3.2280654907226562,-2.4870195388793945,21.56821060180664,3.2280654907226562,2.2563579082489014,0.22563579678535461,1.2082821130752563,0.8999999761581421,0.10000000149011612,29.78020477294922,12.0,12.825663566589355,3.299455404281616,1.888787031173706,42.0,314.1592712402344,1.0
745,3.18698787689209,-2.4395058155059814,21.161270141601562,3.18698787689209,2.625486373901367,0.26254862546920776,1.2064857482910156,0.8999999761581421,0.10000000149011612,29.77993392944336,12.0,12.826789855957031,3.5362489223480225,1.88894784450531,42.0,314.1592712402344,1.0
746,3.255450487136841,-2.508136749267578,21.704116821289062,3.255450487136841,2.9919369220733643,0.29919368028640747,1.2038953304290771,0.8999999761581421,0.10000000149011612,29.779693603515625,12.0,12.827882766723633,2.261174440383911,1.8891043663024902,42.0,314.1592712402344,1.0
747,3.136782169342041,-2.5292539596557617,21.025360107421875,3.136782169342041,3.355520009994507,0.33555200695991516,1.2008767127990723,0.8999999761581421,0.10000000149011612,29.779573440551758,12.0,12.828994750976562,2.892505645751953,1.8892643451690674,42.0,314.1592712402344,1.0
748,3.2873997688293457,-2.51869535446167,21.38607406616211,3.2873997688293457,3.7157156467437744,0.3715715706348419,1.1967737674713135,0.8999999761581421,0.10000000149011612,29.779273986816406,12.0,12.830073356628418,1.880556583404541,1.889414668083191,42.0,314.1592712402344,1.0
749,3.155038833618164,-2.51869535446167,21.162059783935547,3.155038833618164,4.072296619415283,0.4072296619415283,1.192267656326294,0.8999999761581421,0.10000000149011612,29.778945922851562,12.0,12.831147193908691,1.7721927165985107,1.8895699977874756,42.0,314.1592712402344,1.0
750,3.0911405086517334,-2.51869535446167,21.47852325439453,3.0911405086517334,4.42484188079834,0.44248420000076294,1.1871697902679443,0.8999999761581421,0.10000000149011612,29.778825759887695,12.0,12.832183837890625,0.8392462730407715,1.8897262811660767,42.0,314.1592712402344,1.0
751,3.1641671657562256,-2.576767683029175,21.344589233398438,3.1641671657562256,4.773003578186035,0.47730034589767456,1.1810797452926636,0.8999999761581421,0.10000000149011612,29.77864646911621,12.0,12.833209991455078,0.5911375284194946,1.8898746967315674,42.0,314.1592712402344,1.0
752,3.1413462162017822,-2.513416051864624,21.252532958984375,3.1413462162017822,5.116521835327148,0.5116521716117859,1.1742321252822876,0.8999999761581421,0.10000000149011612,29.7784366607666,12.0,12.834220886230469,0.268527090549469,1.8900212049484253,42.0,314.1592712402344,1.0
753,3.260014772415161,-2.4975781440734863,21.388050079345703,3.260014772415161,5.454880714416504,0.5454880595207214,1.1661505699157715,0.8999999761581421,0.10000000149011612,29.778078079223633,12.0,12.835198402404785,-0.38485655188560486,1.890155553817749,42.0,314.1592712402344,1.0
754,3.1961162090301514,-2.51869535446167,21.252140045166016,3.1961162090301514,5.788017272949219,0.5788017511367798,1.1573872566223145,0.8999999761581421,0.10000000149011612,29.77789878845215,12.0,12.836161613464355,-0.6452059149742126,1.8902913331985474,42.0,314.1592712402344,1.0
755,3.209808826446533,-2.465902328491211,21.56821060180664,3.209808826446533,6.115240097045898,0.6115239858627319,1.1476836204528809,0.8999999761581421,0.10000000149011612,29.777719497680664,12.0,12.837072372436523,-1.5342439413070679,1.8904221057891846,42.0,314.1592712402344,1.0
756,3.209808826446533,-2.5028574466705322,21.07198143005371,3.209808826446533,6.436590194702148,0.6436589956283569,1.1370773315429688,0.8999999761581421,0.10000000149011612,29.777421951293945,12.0,12.837997436523438,-1.2980527877807617,1.8905487060546875,42.0,314.1592712402344,1.0
757,3.2143731117248535,-2.5873262882232666,21.341825485229492,3.2143731117248535,6.7514801025390625,0.6751480102539062,1.1255195140838623,0.8999999761581421,0.10000000149011612,29.77727508544922,12.0,12.8388671875,-2.1111512184143066,1.890670657157898,42.0,314.1592712402344,1.0
758,3.1459105014801025,-2.613722801208496,21.613643646240234,3.1459105014801025,7.059764862060547,0.7059764862060547,1.1132910251617432,0.8999999761581421,0.10000000149011612,29.776948928833008,12.0,12.839680671691895,-2.893855094909668,1.8907943964004517,42.0,314.1592712402344,1.0
759,3.1778595447540283,-2.4236679077148438,21.343402862548828,3.1778595447540283,7.3610944747924805,0.7361094355583191,1.1000016927719116,0.8999999761581421,0.10000000149011612,29.776622772216797,12.0,12.840487480163574,-2.9621787071228027,1.8909099102020264,42.0,314.1592712402344,1.0
760,3.223501443862915,-2.5292539596557617,21.207889556884766,3.223501443862915,7.655089378356934,0.7655089497566223,1.0855963230133057,0.8999999761581421,0.10000000149011612,29.77641487121582,12.0,12.841273307800293,-3.2128543853759766,1.891015648841858,42.0,314.1592712402344,1.0
761,3.118525505065918,-2.5345332622528076,20.93528175354004,3.118525505065918,7.941680431365967,0.7941680550575256,1.0706733465194702,0.8999999761581421,0.10000000149011612,29.776147842407227,12.0,12.84205150604248,-3.302307367324829,1.8911272287368774,42.0,314.1592712402344,1.0
762,3.2371938228607178,-2.4870195388793945,21.794986724853516,3.2371938228607178,8.220216751098633,0.8220216631889343,1.05430006980896,0.8999999761581421,0.10000000149011612,29.77579116821289,12.0,12.842696189880371,-4.718210220336914,1.8912200927734375,42.0,314.1592712402344,1.0
763,3.1139612197875977,-2.4289472103118896,21.388442993164062,3.1139612197875977,8.490880012512207,0.8490880131721497,1.0374964475631714,0.8999999761581421,0.10000000149011612,29.775615692138672,12.0,12.843351364135742,-4.618521213531494,1.8913214206695557,42.0,314.1592712402344,1.0
764,3.3010921478271484,-2.455343723297119,21.296785354614258,3.3010921478271484,8.752920150756836,0.8752920031547546,1.019010305404663,0.8999999761581421,0.10000000149011612,29.775291442871094,12.0,12.843977928161621,-4.887881278991699,1.8913947343826294,42.0,314.1592712402344,1.0
765,3.1824238300323486,-2.51869535446167,21.252140045166016,3.1824238300323486,9.006502151489258,0.9006502032279968,1.0000879764556885,0.8999999761581421,0.10000000149011612,29.775146484375,12.0,12.844568252563477,-5.2019476890563965,1.8914769887924194,42.0,314.1592712402344,1.0
766,3.19155216217041,-2.5450918674468994,21.25095558166504,3.19155216217041,9.251099586486816,0.9251099824905396,0.980230450630188,0.8999999761581421,0.10000000149011612,29.774911880493164,12.0,12.84511661529541,-5.549966812133789,1.8915519714355469,42.0,314.1592712402344,1.0
767,3.1596028804779053,-2.576767683029175,21.523170471191406,3.1596028804779053,9.486593246459961,0.9486593008041382,0.9596129655838013,0.8999999761581421,0.10000000149011612,29.774616241455078,12.0,12.845587730407715,-6.149890422821045,1.8916246891021729,42.0,314.1592712402344,1.0
768,3.168731212615967,-2.508136749267578,21.38726043701172,3.168731212615967,9.712793350219727,0.9712793231010437,0.9380981922149658,0.8999999761581421,0.10000000149011612,29.774410247802734,12.0,12.846034049987793,-6.329579830169678,1.891689658164978,42.0,314.1592712402344,1.0
769,3.18698787689209,-2.5873262882232666,21.251745223999023,3.18698787689209,9.929262161254883,0.9929262399673462,0.9156983494758606,0.8999999761581421,0.10000000149011612,29.774145126342773,12.0,12.846453666687012,-6.506875991821289,1.891745686531067,42.0,314.1592712402344,1.0
770,3.1596028804779053,-2.513416051864624,21.116230010986328,3.1596028804779053,10.136183738708496,1.0136183500289917,0.8925880193710327,0.8925880193710327,0.10741198062896729,29.77393913269043,12.0,12.846846580505371,-6.679877281188965,1.8917988538742065,42.0,314.1592712402344,1.0
771,3.063755512237549,-2.349757671356201,21.161664962768555,3.063755512237549,10.332764625549316,1.0332764387130737,0.8690596222877502,0.8690596222877502,0.13094037771224976,29.7736759185791,12.0,12.847186088562012,-6.99435567855835,1.8918583393096924,42.0,314.1592712402344,1.0
772,2.721442699432373,-1.9590896368026733,19.943218231201172,2.721442699432373,10.519448280334473,1.0519448518753052,0.8460022211074829,0.8460022211074829,0.1539977788925171,29.773561477661133,12.0,12.847648620605469,-6.319965362548828,1.8919579982757568,42.0,314.1592712402344,1.0
773,2.5936458110809326,-1.8535035848617554,18.538291931152344,2.5936458110809326,10.695511817932129,1.0695512294769287,0.8226932287216187,0.8226932287216187,0.17730677127838135,29.773418426513672,12.0,12.848254203796387,-5.591402053833008,1.8920657634735107,42.0,314.1592712402344,1.0
774,2.269589900970459,-1.6476109027862549,16.954389572143555,2.269589900970459,10.861177444458008,1.0861177444458008,0.799758791923523,0.799758791923523,0.20024120807647705,29.773393630981445,12.0,12.849021911621094,-4.829934120178223,1.8922094106674194,42.0,314.1592712402344,1.0
775,2.045945644378662,-1.542024850845337,15.596479415893555,2.045945644378662,11.016073226928711,1.101607322692871,0.7768583297729492,0.7768583297729492,0.22314167022705078,29.773399353027344,12.0,12.849909782409668,-4.305649280548096,1.8923726081848145,42.0,314.1592712402344,1.0
776,1.913584589958191,-1.415321707725525,15.143709182739258,1.913584589958191,11.160061836242676,1.1160061359405518,0.7537059783935547,0.7537059783935547,0.2462940216064453,29.773405075073242,12.0,12.850778579711914,-4.380516529083252,1.8925409317016602,42.0,314.1592712402344,1.0
777,1.749274492263794,-1.1038429737091064,13.06397533416748,1.749274492263794,11.29318618774414,1.1293185949325562,0.7304360866546631,0.7304360866546631,0.2695639133453369,29.773290634155273,12.0,12.851871490478516,-3.5767414569854736,1.8927186727523804,42.0,314.1592712402344,1.0
778,1.5484510660171509,-1.003536343574524,11.842367172241211,1.5484510660171509,11.414924621582031,1.141492486000061,0.7071280479431152,0.7071280479431152,0.29287195205688477,29.773265838623047,12.0,12.853047370910645,-3.3067030906677246,1.8929108381271362,42.0,314.1592712402344,1.0
779,1.3384991884231567,-0.7606885433197021,10.709259986877441,1.3384991884231567,11.525732040405273,1.1525732278823853,0.6837835907936096,0.6837835907936096,0.3162164092063904,29.773212432861328,12.0,12.854288101196289,-3.118809938430786,1.8931180238723755,42.0,314.1592712402344,1.0
780,1.1376757621765137,-0.6234267354011536,9.444192886352539,1.1376757621765137,11.624763488769531,1.1624763011932373,0.6603958606719971,0.6603958606719971,0.33960413932800293,29.773128509521484,12.0,12.855609893798828,-2.911525249481201,1.8933379650115967,42.0,314.1592712402344,1.0
781,0.8820822238922119,-0.3911375403404236,7.727147102355957,0.8820822238922119,11.712635040283203,1.1712634563446045,0.6370587944984436,0.6370587944984436,0.3629412055015564,29.773103713989258,12.0,12.857077598571777,-2.585411787033081,1.893578290939331,42.0,314.1592712402344,1.0
782,0.8181838393211365,-0.2485964596271515,6.3218278884887695,0.8181838393211365,11.788749694824219,1.1788749694824219,0.6134722232818604,0.6134722232818604,0.38652777671813965,29.773019790649414,12.0,12.858635902404785,-2.414412021636963,1.893808126449585,42.0,314.1592712402344,1.0
783,0.6310529112815857,-0.1641276627779007,5.146048545837402,0.6310529112815857,11.853334426879883,1.185333490371704,0.5898285508155823,0.5898285508155823,0.4101714491844177,29.773056030273438,12.0,12.860241889953613,-2.337583541870117,1.8940471410751343,42.0,314.1592712402344,1.0
784,0.3708952069282532,-0.005748665891587734,3.517899513244629,0.3708952069282532,11.90623664855957,1.1906236410140991,0.5662130117416382,0.5662130117416382,0.4337869882583618,29.77318000793457,12.0,12.861964225769043,-2.1906466484069824,1.8943064212799072,42.0,314.1592712402344,1.0
785,0.3800235688686371,0.17902682721614838,3.155999183654785,0.3800235688686371,11.947280883789062,1.194728136062622,0.542404055595398,0.542404055595398,0.45759594440460205,29.773244857788086,12.0,12.86359691619873,-2.275158166885376,1.8945420980453491,42.0,314.1592712402344,1.0
786,0.22027762234210968,0.31100931763648987,1.7542333602905273,0.22027762234210968,11.976762771606445,1.1976763010025024,0.5185586214065552,0.5185586214065552,0.4814413785934448,29.773130416870117,12.0,12.865307807922363,-2.226118564605713,1.8947819471359253,42.0,314.1592712402344,1.0
787,0.115301713347435,0.35324370861053467,1.0296440124511719,0.115301713347435,11.994100570678711,1.199410080909729,0.4946802854537964,0.4946802854537964,0.5053197145462036,29.7733154296875,12.0,12.866985321044922,-2.2363569736480713,1.895017147064209,42.0,314.1592712402344,1.0
788,-0.007930871099233627,0.5432985424995422,0.035607337951660156,-0.007930871099233627,11.999951362609863,1.1999951601028442,0.47080403566360474,0.47080403566360474,0.5291959643363953,29.773290634155273,12.0,12.868672370910645,-2.2362403869628906,1.8952507972717285,42.0,314.1592712402344,1.0
789,-0.1722409874200821,0.6224880218505859,-0.5981121063232422,-0.1722409874200821,11.993611335754395,1.1993610858917236,0.4469486474990845,0.4469486474990845,0.5530513525009155,29.77320671081543,12.0,12.87031078338623,-2.220762252807617,1.8954894542694092,42.0,314.1592712402344,1.0
790,-0.32742276787757874,0.8019841909408569,-1.6826238632202148,-0.32742276787757874,11.975687980651855,1.1975687742233276,0.4231381118297577,0.4231381118297577,0.5768618583679199,29.773212432861328,12.0,12.871975898742676,-2.2371537685394287,1.8957313299179077,42.0,314.1592712402344,1.0
791,-0.4232703149318695,0.9709218144416809,-2.8149404525756836,-0.4232703149318695,11.945815086364746,1.1945815086364746,0.39943861961364746,0.39943861961364746,0.6005613803863525,29.773218154907227,12.0,12.873672485351562,-2.2676491737365723,1.89596688747406,42.0,314.1592712402344,1.0
792,-0.710813045501709,1.1081836223602295,-3.584963798522949,-0.710813045501709,11.90418815612793,1.1904188394546509,0.3756946921348572,0.3756946921348572,0.6243053078651428,29.773223876953125,12.0,12.87534236907959,-2.2337141036987305,1.8962267637252808,42.0,314.1592712402344,1.0
793,-0.9344573616981506,1.4091036319732666,-5.076021194458008,-0.9344573616981506,11.850898742675781,1.1850898265838623,0.3519800305366516,0.3519800305366516,0.6480199694633484,29.773109436035156,12.0,12.877100944519043,-2.374122381210327,1.896499752998352,42.0,314.1592712402344,1.0
794,-1.075946569442749,1.5622034072875977,-6.072822570800781,-1.075946569442749,11.785735130310059,1.178573489189148,0.3284313678741455,0.3284313678741455,0.6715686321258545,29.77308464050293,12.0,12.878866195678711,-2.386765718460083,1.8967722654342651,42.0,314.1592712402344,1.0
795,-1.2950267791748047,1.6097171306610107,-8.107912063598633,-1.2950267791748047,11.709236145019531,1.1709235906600952,0.3049340844154358,0.3049340844154358,0.6950659155845642,29.77318000793457,12.0,12.88079833984375,-2.763385772705078,1.8970565795898438,42.0,314.1592712402344,1.0
796,-1.4821577072143555,1.8631234169006348,-9.193610191345215,-1.4821577072143555,11.620795249938965,1.1620795726776123,0.28157293796539307,0.28157293796539307,0.7184270620346069,29.773216247558594,12.0,12.882743835449219,-2.796408176422119,1.8973469734191895,42.0,314.1592712402344,1.0
797,-1.742315411567688,2.069016218185425,-10.279703140258789,-1.742315411567688,11.521223068237305,1.1521222591400146,0.2582237422466278,0.2582237422466278,0.7417762279510498,29.773101806640625,12.0,12.884702682495117,-2.834071636199951,1.89765465259552,42.0,314.1592712402344,1.0
798,-1.865548014640808,2.253791570663452,-11.862812995910645,-1.865548014640808,11.410017967224121,1.14100182056427,0.2352086901664734,0.2352086901664734,0.7647913098335266,29.7730770111084,12.0,12.886749267578125,-3.121793746948242,1.8979579210281372,42.0,314.1592712402344,1.0
799,-2.0389864444732666,2.35937762260437,-12.81023120880127,-2.0389864444732666,11.28772258758545,1.128772258758545,0.21244403719902039,0.21244403719902039,0.7875559329986572,29.773052215576172,12.0,12.888785362243652,-3.0821006298065186,1.8982648849487305,42.0,314.1592712402344,1.0
800,-2.321964979171753,2.5969462394714355,-14.623281478881836,-2.321964979171753,11.154233932495117,1.1154234409332275,0.18963122367858887,0.18963122367858887,0.8103687763214111,29.773027420043945,12.0,12.890939712524414,-3.5539612770080566,1.8985915184020996,42.0,314.1592712402344,1.0
801,-2.4178125858306885,2.7078113555908203,-15.614950180053711,-2.4178125858306885,11.009702682495117,1.1009702682495117,0.16735780239105225,0.16735780239105225,0.8326421976089478,29.772764205932617,12.0,12.893086433410645,-3.5236799716949463,1.898909568786621,42.0,314.1592712402344,1.0
802,-2.6825344562530518,3.087920904159546,-17.290115356445312,-2.6825344562530518,10.854450225830078,1.0854450464248657,0.14511749148368835,0.14511749148368835,0.8548824787139893,29.77264976501465,12.0,12.895326614379883,-3.9635703563690186,1.8992441892623901,42.0,314.1592712402344,1.0
803,-2.9061787128448486,3.230462074279785,-18.059349060058594,-2.9061787128448486,10.688257217407227,1.0688257217407227,0.12308484315872192,0.12308484315872192,0.8769151568412781,29.772296905517578,12.0,12.897527694702148,-3.7621939182281494,1.8995888233184814,42.0,314.1592712402344,1.0
804,-2.9700770378112793,3.2621378898620605,-20.04939842224121,-2.9700770378112793,10.511826515197754,1.0511826276779175,0.10181018710136414,0.10181018710136414,0.8981897830963135,29.772153854370117,12.0,12.899862289428711,-4.5056304931640625,1.8999205827713013,42.0,314.1592712402344,1.0
805,-3.15720796585083,3.4838685989379883,-20.86446189880371,-3.15720796585083,10.324654579162598,1.0324654579162598,0.0808832049369812,0.10000000149011612,0.8999999761581421,29.771860122680664,12.0,12.902164459228516,-4.31021785736084,1.9002577066421509,42.0,314.1592712402344,1.0
806,-3.0613603591918945,3.2726964950561523,-20.360729217529297,-3.0613603591918945,10.127573013305664,1.0127573013305664,0.06140628457069397,0.10000000149011612,0.8999999761581421,29.771419525146484,12.0,12.904260635375977,-3.00109601020813,1.900562047958374,42.0,314.1592712402344,1.0
807,-3.084181308746338,3.446913480758667,-21.086105346679688,-3.084181308746338,9.920324325561523,0.9920324087142944,0.04284107685089111,0.10000000149011612,0.8999999761581421,29.770978927612305,12.0,12.906329154968262,-2.8104023933410645,1.9008516073226929,42.0,314.1592712402344,1.0
808,-3.0202829837799072,3.28853440284729,-21.178556442260742,-3.0202829837799072,9.703377723693848,0.9703377485275269,0.025523483753204346,0.10000000149011612,0.8999999761581421,29.770627975463867,12.0,12.90829086303711,-2.0435612201690674,1.9011168479919434,42.0,314.1592712402344,1.0
809,-3.1298229694366455,3.230462074279785,-21.450374603271484,-3.1298229694366455,9.476863861083984,0.9476863741874695,0.00874030590057373,0.10000000149011612,0.8999999761581421,29.770307540893555,12.0,12.910179138183594,-1.475540280342102,1.9013816118240356,42.0,314.1592712402344,1.0
810,-3.065924644470215,3.283255100250244,-20.906341552734375,-3.065924644470215,9.240913391113281,0.9240913391113281,-0.006818294525146484,0.10000000149011612,0.8999999761581421,29.769927978515625,12.0,12.91190242767334,-0.10414329171180725,1.9016249179840088,42.0,314.1592712402344,1.0
811,-3.070488691329956,3.4152376651763916,-20.858930587768555,-3.070488691329956,8.996015548706055,0.8996015787124634,-0.02147829532623291,0.10000000149011612,0.8999999761581421,29.769638061523438,12.0,12.913534164428711,0.7051937580108643,1.9018570184707642,42.0,314.1592712402344,1.0
812,-3.047667980194092,3.3149309158325195,-20.495847702026367,-3.047667980194092,8.741999626159668,0.8741999864578247,-0.035188496112823486,0.10000000149011612,0.8999999761581421,29.76934814453125,12.0,12.915046691894531,1.8242459297180176,1.9020757675170898,42.0,314.1592712402344,1.0
813,-3.0294113159179688,3.246299982070923,-21.178556442260742,-3.0294113159179688,8.479609489440918,0.8479609489440918,-0.048033833503723145,0.10000000149011612,0.8999999761581421,29.768970489501953,12.0,12.916569709777832,1.722306728363037,1.9022831916809082,42.0,314.1592712402344,1.0
814,-3.0796170234680176,3.293813705444336,-20.906341552734375,-3.0796170234680176,8.20860481262207,0.8208605051040649,-0.06031292676925659,0.10000000149011612,0.8999999761581421,29.768770217895508,12.0,12.917999267578125,2.706824541091919,1.9024879932403564,42.0,314.1592712402344,1.0
815,-3.0385396480560303,3.346606731414795,-20.998395919799805,-3.0385396480560303,7.929675579071045,0.7929675579071045,-0.07169443368911743,0.10000000149011612,0.8999999761581421,29.768510818481445,12.0,12.919384002685547,3.2089760303497314,1.9026811122894287,42.0,314.1592712402344,1.0
816,-3.070488691329956,3.3571653366088867,-20.904760360717773,-3.070488691329956,7.642829895019531,0.7642830014228821,-0.08252131938934326,0.10000000149011612,0.8999999761581421,29.768281936645508,12.0,12.9207124710083,3.9001617431640625,1.9028712511062622,42.0,314.1592712402344,1.0
817,-2.983769655227661,3.3571653366088867,-21.27021598815918,-2.983769655227661,7.348467826843262,0.7348467707633972,-0.09239298105239868,0.10000000149011612,0.8999999761581421,29.76820182800293,12.0,12.922035217285156,3.9679901599884033,1.9030473232269287,42.0,314.1592712402344,1.0
818,-3.0613603591918945,3.3571653366088867,-21.269821166992188,-3.0613603591918945,7.046904563903809,0.7046904563903809,-0.10198217630386353,0.10000000149011612,0.8999999761581421,29.7679443359375,12.0,12.923320770263672,4.4759521484375,1.903226375579834,42.0,314.1592712402344,1.0
819,-3.0385396480560303,3.4257962703704834,-21.08768653869629,-3.0385396480560303,6.738282203674316,0.6738282442092896,-0.11093467473983765,0.10000000149011612,0.8999999761581421,29.76768684387207,12.0,12.924558639526367,5.178410053253174,1.9033994674682617,42.0,314.1592712402344,1.0
820,-3.0933096408843994,3.394120454788208,-21.042646408081055,-3.0933096408843994,6.42317533493042,0.642317533493042,-0.11954092979431152,0.10000000149011612,0.8999999761581421,29.767549514770508,12.0,12.925766944885254,5.643921375274658,1.903573989868164,42.0,314.1592712402344,1.0
821,-3.0202829837799072,3.399399757385254,-21.268239974975586,-3.0202829837799072,6.101517677307129,0.6101517677307129,-0.12742793560028076,0.10000000149011612,0.8999999761581421,29.767202377319336,12.0,12.926972389221191,5.691471576690674,1.9037398099899292,42.0,314.1592712402344,1.0
822,-2.9928979873657227,3.3043723106384277,-20.67719078063965,-2.9928979873657227,5.774018287658691,0.5774018168449402,-0.13476181030273438,0.10000000149011612,0.8999999761581421,29.766855239868164,12.0,12.92811393737793,6.8431267738342285,1.9039015769958496,42.0,314.1592712402344,1.0
823,-3.1252589225769043,3.489147901535034,-20.997211456298828,-3.1252589225769043,5.440687656402588,0.5440687537193298,-0.14213252067565918,0.10000000149011612,0.8999999761581421,29.766538619995117,12.0,12.929266929626465,6.629343509674072,1.904071569442749,42.0,314.1592712402344,1.0
824,-3.088745594024658,3.3677239418029785,-21.08808135986328,-3.088745594024658,5.102071762084961,0.5102071762084961,-0.14895719289779663,0.10000000149011612,0.8999999761581421,29.76637077331543,12.0,12.930415153503418,6.717911243438721,1.9042375087738037,42.0,314.1592712402344,1.0
825,-3.052232027053833,3.3782825469970703,-21.04067039489746,-3.052232027053833,4.758391380310059,0.47583913803100586,-0.15529000759124756,0.10000000149011612,0.8999999761581421,29.766143798828125,12.0,12.93155288696289,6.969120502471924,1.9044002294540405,42.0,314.1592712402344,1.0
826,-3.015718698501587,3.4046790599823,-20.497821807861328,-3.015718698501587,4.410005569458008,0.4410005509853363,-0.1611766815185547,0.10000000149011612,0.8999999761581421,29.765857696533203,12.0,12.932653427124023,7.907894611358643,1.9045603275299072,42.0,314.1592712402344,1.0
827,-3.1617722511291504,3.351886034011841,-20.81389045715332,-3.1617722511291504,4.057322025299072,0.4057322144508362,-0.16708803176879883,0.10000000149011612,0.8999999761581421,29.765512466430664,12.0,12.933769226074219,7.486960411071777,1.9047280550003052,42.0,314.1592712402344,1.0
828,-3.0978739261627197,3.446913480758667,-21.042251586914062,-3.0978739261627197,3.7005505561828613,0.37005504965782166,-0.17250019311904907,0.10000000149011612,0.8999999761581421,29.765226364135742,12.0,12.934894561767578,7.177931308746338,1.9048923254013062,42.0,314.1592712402344,1.0
829,-3.0750529766082764,3.383561849594116,-21.314069747924805,-3.0750529766082764,3.3402299880981445,0.33402299880981445,-0.17751294374465942,0.10000000149011612,0.8999999761581421,29.764881134033203,12.0,12.936031341552734,6.776706695556641,1.9050556421279907,42.0,314.1592712402344,1.0
830,-3.0385396480560303,3.441634178161621,-21.358715057373047,-3.0385396480560303,2.9764981269836426,0.2976498007774353,-0.1821574568748474,0.10000000149011612,0.8999999761581421,29.764625549316406,12.0,12.937170028686523,6.704029560089111,1.9052177667617798,42.0,314.1592712402344,1.0
831,-3.0613603591918945,3.3677239418029785,-20.906736373901367,-3.0613603591918945,2.609912872314453,0.26099127531051636,-0.18651467561721802,0.10000000149011612,0.8999999761581421,29.764339447021484,12.0,12.93829345703125,7.367184162139893,1.9053810834884644,42.0,314.1592712402344,1.0
832,-3.0750529766082764,3.504985809326172,-21.36029624938965,-3.0750529766082764,2.240705728530884,0.22407057881355286,-0.19058293104171753,0.10000000149011612,0.8999999761581421,29.764026641845703,12.0,12.939432144165039,6.546949863433838,1.9055451154708862,42.0,314.1592712402344,1.0
833,-3.0933096408843994,3.4152376651763916,-20.816261291503906,-3.0933096408843994,1.8693106174468994,0.1869310587644577,-0.19432735443115234,0.10000000149011612,0.8999999761581421,29.76377296447754,12.0,12.940559387207031,7.292263984680176,1.9057098627090454,42.0,314.1592712402344,1.0
834,-3.070488691329956,3.3624446392059326,-20.814682006835938,-3.070488691329956,1.496067762374878,0.14960677921772003,-0.19769912958145142,0.10000000149011612,0.8999999761581421,29.76333999633789,12.0,12.941688537597656,7.108180522918701,1.9058746099472046,42.0,314.1592712402344,1.0
835,-3.0248470306396484,3.336048126220703,-21.042251586914062,-3.0248470306396484,1.1213395595550537,0.11213395744562149,-0.2007054090499878,0.10000000149011612,0.8999999761581421,29.76302719116211,12.0,12.94282341003418,6.53056526184082,1.9060389995574951,42.0,314.1592712402344,1.0
836,-3.0431036949157715,3.3043723106384277,-21.17816162109375,-3.0431036949157715,0.7455227375030518,0.0745522752404213,-0.2033478021621704,0.10000000149011612,0.8999999761581421,29.762714385986328,12.0,12.943961143493652,6.086775779724121,1.9062037467956543,42.0,314.1592712402344,1.0
837,-3.0933096408843994,3.3730032444000244,-21.17816162109375,-3.0933096408843994,0.36895090341567993,0.036895088851451874,-0.20562762022018433,0.10000000149011612,0.8999999761581421,29.762460708618164,12.0,12.945099830627441,5.841969013214111,1.9063688516616821,42.0,314.1592712402344,1.0
838,-3.03397536277771,3.4099583625793457,-21.13272476196289,-3.03397536277771,-0.007976801134645939,-0.0007976801134645939,-0.20746910572052002,0.10000000149011612,0.8999999761581421,29.762357711791992,12.0,12.946237564086914,5.6429243087768555,1.90653395652771,42.0,314.1592712402344,1.0
839,-2.9883337020874023,3.351886034011841,-21.631324768066406,-2.9883337020874023,-0.38489508628845215,-0.038489509373903275,-0.20892733335494995,0.10000000149011612,0.8999999761581421,29.761987686157227,12.0,12.947371482849121,4.550461292266846,1.9066990613937378,42.0,314.1592712402344,1.0
840,-3.084181308746338,3.388841152191162,-21.087291717529297,-3.084181308746338,-0.7614380121231079,-0.07614380121231079,-0.20987671613693237,0.10000000149011612,0.8999999761581421,29.76152801513672,12.0,12.948509216308594,5.131608486175537,1.9068628549575806,42.0,314.1592712402344,1.0
841,-3.0978739261627197,3.4152376651763916,-21.041460037231445,-3.0978739261627197,-1.1372236013412476,-0.11372236162424088,-0.2103043794631958,0.10000000149011612,0.8999999761581421,29.761245727539062,12.0,12.949644088745117,4.855958461761475,1.907025933265686,42.0,314.1592712402344,1.0
842,-3.03397536277771,3.346606731414795,-21.178556442260742,-3.03397536277771,-1.5118871927261353,-0.1511887162923813,-0.21027356386184692,0.10000000149011612,0.8999999761581421,29.76099395751953,12.0,12.95077133178711,4.26903772354126,1.9071896076202393,42.0,314.1592712402344,1.0
843,-3.0796170234680176,3.3730032444000244,-20.950590133666992,-3.0796170234680176,-1.8850727081298828,-0.18850727379322052,-0.20962274074554443,0.10000000149011612,0.8999999761581421,29.760711669921875,12.0,12.951898574829102,4.250972747802734,1.9073511362075806,42.0,314.1592712402344,1.0
844,-3.0796170234680176,3.399399757385254,-21.361875534057617,-3.0796170234680176,-2.2563676834106445,-0.22563676536083221,-0.20838838815689087,0.10000000149011612,0.8999999761581421,29.760400772094727,12.0,12.95300579071045,3.1988937854766846,1.9075114727020264,42.0,314.1592712402344,1.0
845,-3.0567963123321533,3.3782825469970703,-20.95335578918457,-3.0567963123321533,-2.625500202178955,-0.26255002617836,-0.20655715465545654,0.10000000149011612,0.8999999761581421,29.76000213623047,12.0,12.954118728637695,3.443279981613159,1.9076712131500244,42.0,314.1592712402344,1.0
846,-2.9883337020874023,3.4205169677734375,-20.90436553955078,-2.9883337020874023,-2.991950035095215,-0.29919499158859253,-0.20424354076385498,0.10000000149011612,0.8999999761581421,29.75975227355957,12.0,12.955221176147461,3.0851075649261475,1.9078319072723389,42.0,314.1592712402344,1.0
847,-3.0385396480560303,3.3571653366088867,-21.404150009155273,-3.0385396480560303,-3.355532169342041,-0.33555322885513306,-0.20112591981887817,0.10000000149011612,0.8999999761581421,29.759384155273438,12.0,12.95628833770752,1.8751938343048096,1.9079883098602295,42.0,314.1592712402344,1.0
848,-3.1115663051605225,3.4046790599823,-21.22319984436035,-3.1115663051605225,-3.7157273292541504,-0.37157273292541504,-0.19712305068969727,0.10000000149011612,0.8999999761581421,29.759075164794922,12.0,12.957350730895996,1.7333168983459473,1.9081388711929321,42.0,314.1592712402344,1.0
849,-3.0431036949157715,3.388841152191162,-20.998790740966797,-3.0431036949157715,-4.07230806350708,-0.40723079442977905,-0.1925492286682129,0.10000000149011612,0.8999999761581421,29.75888442993164,12.0,12.958409309387207,1.6324880123138428,1.9082908630371094,42.0,314.1592712402344,1.0
850,-3.0567963123321533,3.3677239418029785,-20.9501953125,-3.0567963123321533,-4.4248528480529785,-0.4424852728843689,-0.18716967105865479,0.10000000149011612,0.8999999761581421,29.758455276489258,12.0,12.959452629089355,1.2462650537490845,1.9084392786026,42.0,314.1592712402344,1.0
851,-2.9746413230895996,3.4680306911468506,-21.1323299407959,-2.9746413230895996,-4.773014068603516,-0.4773014187812805,-0.1812502145767212,0.10000000149011612,0.8999999761581421,29.758058547973633,12.0,12.960464477539062,0.5163285136222839,1.9085899591445923,42.0,314.1592712402344,1.0
852,-3.052232027053833,3.346606731414795,-20.406164169311523,-3.052232027053833,-5.1165313720703125,-0.5116531252861023,-0.1742745041847229,0.10000000149011612,0.8999999761581421,29.75775146484375,12.0,12.961503982543945,1.110079050064087,1.9087319374084473,42.0,314.1592712402344,1.0
853,-3.065924644470215,3.299093008041382,-21.043041229248047,-3.065924644470215,-5.45488977432251,-0.5454889535903931,-0.16639715433120728,0.10000000149011612,0.8999999761581421,29.757593154907227,12.0,12.962471961975098,-0.2952682375907898,1.9088693857192993,42.0,314.1592712402344,1.0
854,-3.052232027053833,3.28853440284729,-20.906341552734375,-3.052232027053833,-5.78803014755249,-0.5788030028343201,-0.15767520666122437,0.10000000149011612,0.8999999761581421,29.757465362548828,12.0,12.963425636291504,-0.5584105253219604,1.9090040922164917,42.0,314.1592712402344,1.0
855,-3.0613603591918945,3.399399757385254,-21.177370071411133,-3.0613603591918945,-6.1152520179748535,-0.6115251779556274,-0.14803630113601685,0.10000000149011612,0.8999999761581421,29.757307052612305,12.0,12.96432876586914,-1.3893957138061523,1.9091341495513916,42.0,314.1592712402344,1.0
856,-3.0202829837799072,3.394120454788208,-21.27021598815918,-3.0202829837799072,-6.436601638793945,-0.6436601877212524,-0.13763070106506348,0.10000000149011612,0.8999999761581421,29.757118225097656,12.0,12.96519660949707,-1.9508979320526123,1.9092634916305542,42.0,314.1592712402344,1.0
857,-3.0933096408843994,3.4310755729675293,-20.85972023010254,-3.0933096408843994,-6.751491546630859,-0.675149142742157,-0.1260489821434021,0.10000000149011612,0.8999999761581421,29.756690979003906,12.0,12.966072082519531,-1.836440086364746,1.9093817472457886,42.0,314.1592712402344,1.0
858,-3.0613603591918945,3.4627513885498047,-21.1323299407959,-3.0613603591918945,-7.059775352478027,-0.7059775590896606,-0.1136481761932373,0.10000000149011612,0.8999999761581421,29.756237030029297,12.0,12.966889381408691,-2.633361577987671,1.9094984531402588,42.0,314.1592712402344,1.0
859,-3.070488691329956,3.4205169677734375,-21.312490463256836,-3.070488691329956,-7.3611040115356445,-0.7361103892326355,-0.1002497673034668,0.10000000149011612,0.8999999761581421,29.756080627441406,12.0,12.967657089233398,-3.27992844581604,1.9096094369888306,42.0,314.1592712402344,1.0
860,-3.0385396480560303,3.4257962703704834,-20.905155181884766,-3.0385396480560303,-7.655097961425781,-0.7655097842216492,-0.08606594800949097,0.10000000149011612,0.8999999761581421,29.7558650970459,12.0,12.968432426452637,-3.1814045906066895,1.909718632698059,42.0,314.1592712402344,1.0
861,-3.0613603591918945,3.383561849594116,-21.08966064453125,-3.0613603591918945,-7.9416890144348145,-0.7941688895225525,-0.07082241773605347,0.10000000149011612,0.8999999761581421,29.755529403686523,12.0,12.969151496887207,-3.8174726963043213,1.9098200798034668,42.0,314.1592712402344,1.0
862,-3.070488691329956,3.5102651119232178,-21.361480712890625,-3.070488691329956,-8.220224380493164,-0.8220224380493164,-0.05460137128829956,0.10000000149011612,0.8999999761581421,29.755252838134766,12.0,12.969803810119629,-4.5265793800354,1.9099150896072388,42.0,314.1592712402344,1.0
863,-3.0294113159179688,3.3307688236236572,-20.953750610351562,-3.0294113159179688,-8.490890502929688,-0.8490890264511108,-0.037612974643707275,0.10000000149011612,0.8999999761581421,29.755037307739258,12.0,12.970465660095215,-4.435155868530273,1.9100091457366943,42.0,314.1592712402344,1.0
864,-3.1435155868530273,3.341327428817749,-21.53966522216797,-3.1435155868530273,-8.7529296875,-0.875292956829071,-0.019212961196899414,0.10000000149011612,0.8999999761581421,29.7547607421875,12.0,12.97101879119873,-5.4511308670043945,1.9100840091705322,42.0,314.1592712402344,1.0
865,-3.0294113159179688,3.3730032444000244,-21.180927276611328,-3.0294113159179688,-9.006510734558105,-0.9006510972976685,-0.00037211179733276367,0.10000000149011612,0.8999999761581421,29.754606246948242,12.0,12.971577644348145,-5.407675743103027,1.91016685962677,42.0,314.1592712402344,1.0
866,-3.0567963123321533,3.3730032444000244,-21.315256118774414,-3.0567963123321533,-9.251105308532715,-0.9251105189323425,0.019484013319015503,0.10000000149011612,0.8999999761581421,29.754392623901367,12.0,12.972078323364258,-5.883996486663818,1.9102400541305542,42.0,314.1592712402344,1.0
867,-3.088745594024658,3.3677239418029785,-20.54562759399414,-3.088745594024658,-9.486598014831543,-0.9486597776412964,0.040313154458999634,0.10000000149011612,0.8999999761581421,29.754207611083984,12.0,12.972634315490723,-5.453735828399658,1.910302996635437,42.0,314.1592712402344,1.0
868,-3.0567963123321533,3.399399757385254,-20.996421813964844,-3.0567963123321533,-9.712799072265625,-0.9712799191474915,0.06189906597137451,0.10000000149011612,0.8999999761581421,29.754053115844727,12.0,12.973084449768066,-6.216516971588135,1.9103639125823975,42.0,314.1592712402344,1.0
869,-3.03397536277771,3.3307688236236572,-21.177370071411133,-3.03397536277771,-9.929267883300781,-0.9929267764091492,0.08422255516052246,0.10000000149011612,0.8999999761581421,29.753660202026367,12.0,12.973465919494629,-6.682270526885986,1.910421371459961,42.0,314.1592712402344,1.0
870,-2.983769655227661,3.3782825469970703,-20.678375244140625,-2.983769655227661,-10.136189460754395,-1.0136189460754395,0.10715949535369873,0.10715949535369873,0.8928405046463013,29.753326416015625,12.0,12.973870277404785,-6.537415027618408,1.9104788303375244,42.0,314.1592712402344,1.0
871,-2.9244353771209717,3.388841152191162,-20.817840576171875,-2.9244353771209717,-10.332769393920898,-1.033276915550232,0.13065531849861145,0.13065531849861145,0.8693447113037109,29.753292083740234,12.0,12.974206924438477,-6.935131072998047,1.9105372428894043,42.0,314.1592712402344,1.0
872,-2.4908392429351807,3.0826416015625,-19.368270874023438,-2.4908392429351807,-10.519453048706055,-1.0519453287124634,0.15335232019424438,0.15335232019424438,0.8466476798057556,29.7531681060791,12.0,12.974698066711426,-6.086623668670654,1.9106485843658447,42.0,314.1592712402344,1.0
873,-2.42694091796875,2.818676710128784,-18.59943199157715,-2.42694091796875,-10.695515632629395,-1.0695515871047974,0.1765412986278534,0.1765412986278534,0.8234586715698242,29.753162384033203,12.0,12.975240707397461,-5.827868938446045,1.9107582569122314,42.0,314.1592712402344,1.0
874,-2.267194986343384,2.6497390270233154,-17.063730239868164,-2.267194986343384,-10.861181259155273,-1.0861181020736694,0.19987428188323975,0.19987428188323975,0.8001257181167603,29.753395080566406,12.0,12.975940704345703,-5.087315082550049,1.9108799695968628,42.0,314.1592712402344,1.0
875,-2.0526788234710693,2.412170648574829,-15.568724632263184,-2.0526788234710693,-11.01607608795166,-1.1016075611114502,0.22318309545516968,0.22318309545516968,0.7768169045448303,29.753509521484375,12.0,12.976784706115723,-4.464653015136719,1.9110209941864014,42.0,314.1592712402344,1.0
876,-1.9020613431930542,2.2432329654693604,-14.121917724609375,-1.9020613431930542,-11.160064697265625,-1.1160064935684204,0.24665451049804688,0.24665451049804688,0.7533454895019531,29.753623962402344,12.0,12.977758407592773,-3.9516265392303467,1.9111708402633667,42.0,314.1592712402344,1.0
877,-1.6053903102874756,2.0848541259765625,-13.172921180725098,-1.6053903102874756,-11.293188095092773,-1.1293188333511353,0.2699255049228668,0.2699255049228668,0.7300745248794556,29.753856658935547,12.0,12.978780746459961,-3.7771739959716797,1.9113508462905884,42.0,314.1592712402344,1.0
878,-1.4775935411453247,1.8578441143035889,-11.906272888183594,-1.4775935411453247,-11.414928436279297,-1.1414928436279297,0.29340898990631104,0.29340898990631104,0.706591010093689,29.75408935546875,12.0,12.979896545410156,-3.475637435913086,1.9115339517593384,42.0,314.1592712402344,1.0
879,-1.3361042737960815,1.6519514322280884,-9.869603157043457,-1.3361042737960815,-11.525735855102539,-1.152573585510254,0.3170517683029175,0.3170517683029175,0.6829482316970825,29.754114151000977,12.0,12.981217384338379,-2.8803720474243164,1.91172194480896,42.0,314.1592712402344,1.0
880,-1.057689905166626,1.6255549192428589,-9.282109260559082,-1.057689905166626,-11.62476634979248,-1.162476658821106,0.3405936658382416,0.3405936658382416,0.659406304359436,29.754377365112305,12.0,12.982510566711426,-2.9522435665130615,1.911935567855835,42.0,314.1592712402344,1.0
881,-0.8249172568321228,1.4038243293762207,-7.7894744873046875,-0.8249172568321228,-11.712636947631836,-1.1712636947631836,0.36412543058395386,0.36412543058395386,0.6358745694160461,29.75455093383789,12.0,12.983914375305176,-2.7019429206848145,1.9121663570404053,42.0,314.1592712402344,1.0
882,-0.6697354912757874,1.213769555091858,-6.115886688232422,-0.6697354912757874,-11.788751602172852,-1.178875207901001,0.3877637982368469,0.3877637982368469,0.6122362017631531,29.754724502563477,12.0,12.985452651977539,-2.446385622024536,1.9124013185501099,42.0,314.1592712402344,1.0
883,-0.4826045334339142,1.0923457145690918,-5.123824119567871,-0.4826045334339142,-11.853336334228516,-1.1853336095809937,0.4114634096622467,0.4114634096622467,0.5885366201400757,29.755046844482422,12.0,12.987010955810547,-2.4145712852478027,1.9126451015472412,42.0,314.1592712402344,1.0
884,-0.40501365065574646,0.7914255857467651,-3.5379486083984375,-0.40501365065574646,-11.906237602233887,-1.1906237602233887,0.43531787395477295,0.43531787395477295,0.564682126045227,29.755338668823242,12.0,12.98868179321289,-2.2738192081451416,1.9128799438476562,42.0,314.1592712402344,1.0
885,-0.26808854937553406,0.9022908806800842,-2.7240724563598633,-0.26808854937553406,-11.947280883789062,-1.194728136062622,0.45924612879753113,0.45924612879753113,0.5407538414001465,29.755599975585938,12.0,12.990335464477539,-2.2892298698425293,1.9131155014038086,42.0,314.1592712402344,1.0
886,-0.012495040893554688,0.6700016856193542,-1.6834135055541992,-0.012495040893554688,-11.976763725280762,-1.197676420211792,0.48316463828086853,0.48316463828086853,0.5168353319168091,29.756099700927734,12.0,12.992009162902832,-2.2769381999969482,1.9133704900741577,42.0,314.1592712402344,1.0
887,-0.012495040893554688,0.5538570880889893,-1.0500898361206055,-0.012495040893554688,-11.994101524353027,-1.1994102001190186,0.5071408152580261,0.5071408152580261,0.4928591847419739,29.75659942626953,12.0,12.993635177612305,-2.2912509441375732,1.9136033058166504,42.0,314.1592712402344,1.0
888,0.1609434187412262,0.43771252036094666,0.6238899230957031,0.1609434187412262,-11.999951362609863,-1.1999951601028442,0.5311132073402405,0.5311132073402405,0.4688867926597595,29.75674057006836,12.0,12.995381355285645,-2.291862726211548,1.9138424396514893,42.0,314.1592712402344,1.0
889,0.32981768250465393,0.47994691133499146,1.2117786407470703,0.32981768250465393,-11.993611335754395,-1.1993610858917236,0.5550623536109924,0.5550623536109924,0.44493764638900757,29.757122039794922,12.0,12.997068405151367,-2.2729039192199707,1.914086937904358,42.0,314.1592712402344,1.0
890,0.42110109329223633,0.15790963172912598,1.7542333602905273,0.42110109329223633,-11.975687026977539,-1.197568655014038,0.5789273381233215,0.5789273381233215,0.42107266187667847,29.757471084594727,12.0,12.998692512512207,-2.2326412200927734,1.914324164390564,42.0,314.1592712402344,1.0
891,0.6812587976455688,0.031206432729959488,3.020880699157715,0.6812587976455688,-11.94581413269043,-1.194581389427185,0.602804958820343,0.602804958820343,0.397195041179657,29.75773048400879,12.0,13.000371932983398,-2.2847273349761963,1.914581298828125,42.0,314.1592712402344,1.0
892,0.8273122310638428,-0.1588483601808548,4.286340713500977,0.8273122310638428,-11.904187202453613,-1.1904187202453613,0.6265785694122314,0.6265785694122314,0.37342143058776855,29.75804901123047,12.0,13.002102851867676,-2.3504750728607178,1.914839267730713,42.0,314.1592712402344,1.0
893,0.9961864948272705,-0.47560635209083557,5.600398063659668,0.9961864948272705,-11.850897789001465,-1.1850898265838623,0.6502498984336853,0.6502498984336853,0.3497501015663147,29.758277893066406,12.0,13.003890037536621,-2.4408960342407227,1.9151016473770142,42.0,314.1592712402344,1.0
894,1.1924457550048828,-0.5811923742294312,6.368841171264648,1.1924457550048828,-11.785734176635742,-1.1785733699798584,0.6738352179527283,0.6738352179527283,0.32616478204727173,29.758506774902344,12.0,13.005645751953125,-2.381298065185547,1.915372610092163,42.0,314.1592712402344,1.0
895,1.4799884557724,-0.8345987200737,7.81485652923584,1.4799884557724,-11.709236145019531,-1.1709235906600952,0.6974713802337646,0.6974713802337646,0.30252861976623535,29.758914947509766,12.0,13.007478713989258,-2.55242657661438,1.9156659841537476,42.0,314.1592712402344,1.0
896,1.6351702213287354,-0.9718605279922485,9.218994140625,1.6351702213287354,-11.620792388916016,-1.1620792150497437,0.7209053635597229,0.7209053635597229,0.2790946364402771,29.759082794189453,12.0,13.009377479553223,-2.722964286804199,1.9159600734710693,42.0,314.1592712402344,1.0
897,1.7584028244018555,-1.1407980918884277,11.11936092376709,1.7584028244018555,-11.521221160888672,-1.152122139930725,0.7440435886383057,0.7440435886383057,0.25595641136169434,29.759281158447266,12.0,13.011415481567383,-3.1278891563415527,1.916250228881836,42.0,314.1592712402344,1.0
898,2.0003037452697754,-1.3889251947402954,12.069147109985352,2.0003037452697754,-11.410014152526855,-1.1410014629364014,0.7671259641647339,0.7671259641647339,0.2328740358352661,29.759418487548828,12.0,13.013440132141113,-3.088770866394043,1.9165546894073486,42.0,314.1592712402344,1.0
899,2.324359893798828,-1.457556128501892,13.110199928283691,2.324359893798828,-11.2877197265625,-1.1287720203399658,0.7903352975845337,0.7903352975845337,0.2096647024154663,29.75955581665039,12.0,13.01546859741211,-3.1012518405914307,1.9168851375579834,42.0,314.1592712402344,1.0
900,2.474977493286133,-1.769034743309021,14.82843017578125,2.474977493286133,-11.154230117797852,-1.1154229640960693,0.8131904602050781,0.8131904602050781,0.18680953979492188,29.759723663330078,12.0,13.01760196685791,-3.5163674354553223,1.9172146320343018,42.0,314.1592712402344,1.0
901,2.5753891468048096,-1.9854861497879028,16.049640655517578,2.5753891468048096,-11.009698867797852,-1.100969910621643,0.8355180621147156,0.8355180621147156,0.16448193788528442,29.75968360900879,12.0,13.01976203918457,-3.633289337158203,1.9175359010696411,42.0,314.1592712402344,1.0
902,2.757956027984619,-2.048837661743164,17.361330032348633,2.757956027984619,-10.854447364807129,-1.085444688796997,0.8575389385223389,0.8575389385223389,0.14246106147766113,29.75982093811035,12.0,13.02196216583252,-3.8207502365112305,1.9178617000579834,42.0,314.1592712402344,1.0
903,2.995292901992798,-2.270568370819092,18.312698364257812,2.995292901992798,-10.688253402709961,-1.068825364112854,0.8794112205505371,0.8794112205505371,0.12058877944946289,29.759958267211914,12.0,13.024148941040039,-3.75830340385437,1.9181996583938599,42.0,314.1592712402344,1.0
904,3.2326297760009766,-2.413109302520752,19.9384765625,3.2326297760009766,-10.511822700500488,-1.0511822700500488,0.9011019468307495,0.8999999761581421,0.10000000149011612,29.760066986083984,12.0,13.026420593261719,-4.222404956817627,1.9185494184494019,42.0,314.1592712402344,1.0
905,3.378683090209961,-2.5820469856262207,21.026941299438477,3.378683090209961,-10.324646949768066,-1.0324647426605225,0.9222674369812012,0.8999999761581421,0.10000000149011612,29.75999641418457,12.0,13.028698921203613,-4.26362419128418,1.9188977479934692,42.0,314.1592712402344,1.0
906,3.2371938228607178,-2.312802791595459,21.251745223999023,3.2371938228607178,-10.12756633758545,-1.012756586074829,0.9418121576309204,0.8999999761581421,0.10000000149011612,29.760046005249023,12.0,13.030869483947754,-3.5798001289367676,1.9192066192626953,42.0,314.1592712402344,1.0
907,3.2691431045532227,-2.413109302520752,21.299156188964844,3.2691431045532227,-9.920318603515625,-0.9920318722724915,0.9604355692863464,0.8999999761581421,0.10000000149011612,29.76012420654297,12.0,13.032917976379395,-2.752995014190674,1.919501781463623,42.0,314.1592712402344,1.0
908,3.1961162090301514,-2.4975781440734863,21.117021560668945,3.1961162090301514,-9.703371047973633,-0.9703370928764343,0.9777476787567139,0.8999999761581421,0.10000000149011612,29.760292053222656,12.0,13.034826278686523,-1.7316796779632568,1.9197710752487183,42.0,314.1592712402344,1.0
909,3.173295497894287,-2.4289472103118896,21.56821060180664,3.173295497894287,-9.476856231689453,-0.9476855993270874,0.9940182566642761,0.8999999761581421,0.10000000149011612,29.76034164428711,12.0,13.036685943603516,-1.354675531387329,1.920022964477539,42.0,314.1592712402344,1.0
910,3.173295497894287,-2.4342265129089355,21.11662483215332,3.173295497894287,-9.24090576171875,-0.924090564250946,1.009352207183838,0.8999999761581421,0.10000000149011612,29.760419845581055,12.0,13.038392066955566,-0.0837949737906456,1.9202618598937988,42.0,314.1592712402344,1.0
911,3.2463221549987793,-2.40255069732666,21.47852325439453,3.2463221549987793,-8.996009826660156,-0.8996009826660156,1.0240819454193115,0.8999999761581421,0.10000000149011612,29.760469436645508,12.0,13.040055274963379,0.29265639185905457,1.9204977750778198,42.0,314.1592712402344,1.0
912,3.2463221549987793,-2.355036973953247,20.936071395874023,3.2463221549987793,-8.741992950439453,-0.8741992712020874,1.0379197597503662,0.8999999761581421,0.10000000149011612,29.760726928710938,12.0,13.04157543182373,1.6276476383209229,1.9207229614257812,42.0,314.1592712402344,1.0
913,3.173295497894287,-2.3867127895355225,21.296785354614258,3.173295497894287,-8.479602813720703,-0.8479602932929993,1.0506383180618286,0.8999999761581421,0.10000000149011612,29.760892868041992,12.0,13.043068885803223,1.8983286619186401,1.92093026638031,42.0,314.1592712402344,1.0
914,3.1459105014801025,-2.471181631088257,21.704513549804688,3.1459105014801025,-8.208595275878906,-0.8208595514297485,1.0625227689743042,0.8999999761581421,0.10000000149011612,29.760910034179688,12.0,13.04454517364502,2.0847554206848145,1.921126365661621,42.0,314.1592712402344,1.0
915,3.1139612197875977,-2.4447851181030273,21.47852325439453,3.1139612197875977,-7.929665565490723,-0.7929665446281433,1.0735629796981812,0.8999999761581421,0.10000000149011612,29.761075973510742,12.0,13.045940399169922,2.9984946250915527,1.9213120937347412,42.0,314.1592712402344,1.0
916,3.2508864402770996,-2.5028574466705322,21.162059783935547,3.2508864402770996,-7.642821311950684,-0.7642821073532104,1.084475040435791,0.8999999761581421,0.10000000149011612,29.760913848876953,12.0,13.047255516052246,3.974658966064453,1.9215058088302612,42.0,314.1592712402344,1.0
917,3.1596028804779053,-2.4764609336853027,20.890241622924805,3.1596028804779053,-7.348459243774414,-0.7348459362983704,1.0943641662597656,0.8999999761581421,0.10000000149011612,29.76102066040039,12.0,13.048502922058105,4.841742992401123,1.921684980392456,42.0,314.1592712402344,1.0
918,3.104832887649536,-2.455343723297119,21.749553680419922,3.104832887649536,-7.046895980834961,-0.704689621925354,1.103499174118042,0.8999999761581421,0.10000000149011612,29.761127471923828,12.0,13.049797058105469,4.198864936828613,1.9218546152114868,42.0,314.1592712402344,1.0
919,3.1961162090301514,-2.4342265129089355,21.162456512451172,3.1961162090301514,-6.738272666931152,-0.6738272905349731,1.112443208694458,0.8999999761581421,0.10000000149011612,29.761085510253906,12.0,13.051005363464355,5.448594093322754,1.92202889919281,42.0,314.1592712402344,1.0
920,3.2371938228607178,-2.3919920921325684,21.388839721679688,3.2371938228607178,-6.4231672286987305,-0.6423166990280151,1.120991826057434,0.8999999761581421,0.10000000149011612,29.761133193969727,12.0,13.052207946777344,5.535863876342773,1.9222033023834229,42.0,314.1592712402344,1.0
921,3.223501443862915,-2.4975781440734863,21.116230010986328,3.223501443862915,-6.101510047912598,-0.6101509928703308,1.1289896965026855,0.8999999761581421,0.10000000149011612,29.7613582611084,12.0,13.053367614746094,6.271665096282959,1.9223737716674805,42.0,314.1592712402344,1.0
922,3.136782169342041,-2.465902328491211,21.116230010986328,3.136782169342041,-5.77401065826416,-0.5774010419845581,1.1362354755401611,0.8999999761581421,0.10000000149011612,29.761316299438477,12.0,13.054511070251465,6.569605827331543,1.9225354194641113,42.0,314.1592712402344,1.0
923,3.2280654907226562,-2.560929775238037,21.56821060180664,3.2280654907226562,-5.440675258636475,-0.5440675020217896,1.143392562866211,0.8999999761581421,0.10000000149011612,29.761451721191406,12.0,13.055673599243164,6.181971073150635,1.9227021932601929,42.0,314.1592712402344,1.0
924,3.1276538372039795,-2.3867127895355225,21.161664962768555,3.1276538372039795,-5.102059364318848,-0.5102059245109558,1.149825096130371,0.8999999761581421,0.10000000149011612,29.761707305908203,12.0,13.056797981262207,7.009199619293213,1.922860860824585,42.0,314.1592712402344,1.0
925,3.1961162090301514,-2.4870195388793945,21.388442993164062,3.1961162090301514,-4.758381366729736,-0.4758381247520447,1.1561223268508911,0.8999999761581421,0.10000000149011612,29.761634826660156,12.0,13.057929039001465,6.845361709594727,1.9230232238769531,42.0,314.1592712402344,1.0
926,3.1778595447540283,-2.5028574466705322,21.07198143005371,3.1778595447540283,-4.409995079040527,-0.44099950790405273,1.1620163917541504,0.8999999761581421,0.10000000149011612,29.761621475219727,12.0,13.059036254882812,7.455193519592285,1.9231840372085571,42.0,314.1592712402344,1.0
927,3.123089551925659,-2.5028574466705322,21.56978988647461,3.123089551925659,-4.05731201171875,-0.405731201171875,1.1674537658691406,0.8999999761581421,0.10000000149011612,29.76154899597168,12.0,13.060166358947754,6.784640789031982,1.9233415126800537,42.0,314.1592712402344,1.0
928,3.1778595447540283,-2.465902328491211,21.344196319580078,3.1778595447540283,-3.700540065765381,-0.3700540065765381,1.1727352142333984,0.8999999761581421,0.10000000149011612,29.761417388916016,12.0,13.061283111572266,7.198146820068359,1.9235018491744995,42.0,314.1592712402344,1.0
929,3.2508864402770996,-2.4289472103118896,21.252140045166016,3.2508864402770996,-3.340221405029297,-0.3340221345424652,1.1778123378753662,0.8999999761581421,0.10000000149011612,29.761524200439453,12.0,13.062395095825195,7.35261869430542,1.9236655235290527,42.0,314.1592712402344,1.0
930,3.2371938228607178,-2.513416051864624,21.161270141601562,3.2371938228607178,-2.976489543914795,-0.29764896631240845,1.1825346946716309,0.8999999761581421,0.10000000149011612,29.76154136657715,12.0,13.063504219055176,7.4604339599609375,1.9238288402557373,42.0,314.1592712402344,1.0
931,3.205244779586792,-2.3761541843414307,21.3414306640625,3.205244779586792,-2.6099040508270264,-0.2609904110431671,1.1868622303009033,0.8999999761581421,0.10000000149011612,29.76152801513672,12.0,13.064621925354004,7.103915691375732,1.923991322517395,42.0,314.1592712402344,1.0
932,3.104832887649536,-2.4922988414764404,21.749553680419922,3.104832887649536,-2.240692615509033,-0.2240692675113678,1.1907509565353394,0.8999999761581421,0.10000000149011612,29.761545181274414,12.0,13.065752983093262,6.367569446563721,1.9241511821746826,42.0,314.1592712402344,1.0
933,3.173295497894287,-2.4395058155059814,21.026546478271484,3.173295497894287,-1.8692972660064697,-0.18692973256111145,1.1944174766540527,0.8999999761581421,0.10000000149011612,29.761680603027344,12.0,13.06686782836914,7.4030890464782715,1.9243131875991821,42.0,314.1592712402344,1.0
934,3.19155216217041,-2.523974657058716,21.205520629882812,3.19155216217041,-1.4960566759109497,-0.1496056616306305,1.1977671384811401,0.8999999761581421,0.10000000149011612,29.76169776916504,12.0,13.067988395690918,6.928247451782227,1.924475908279419,42.0,314.1592712402344,1.0
935,3.155038833618164,-2.4922988414764404,21.387653350830078,3.155038833618164,-1.121328353881836,-0.11213283240795135,1.2007579803466797,0.8999999761581421,0.10000000149011612,29.76177406311035,12.0,13.069112777709961,6.431548595428467,1.9246383905410767,42.0,314.1592712402344,1.0
936,3.100268840789795,-2.465902328491211,21.704910278320312,3.100268840789795,-0.745511531829834,-0.07455115020275116,1.2033636569976807,0.8999999761581421,0.10000000149011612,29.761850357055664,12.0,13.070241928100586,5.704475402832031,1.9248005151748657,42.0,314.1592712402344,1.0
937,3.1322178840637207,-2.460623025894165,21.299156188964844,3.1322178840637207,-0.36893969774246216,-0.036893971264362335,1.2056422233581543,0.8999999761581421,0.10000000149011612,29.76186752319336,12.0,13.071370124816895,6.1240458488464355,1.9249629974365234,42.0,314.1592712402344,1.0
938,3.168731212615967,-2.407829999923706,21.026151657104492,3.168731212615967,0.007987776771187782,0.0007987776771187782,1.2075023651123047,0.8999999761581421,0.10000000149011612,29.76191520690918,12.0,13.072498321533203,6.272992134094238,1.9251254796981812,42.0,314.1592712402344,1.0
939,3.19155216217041,-2.6453986167907715,21.161270141601562,3.19155216217041,0.3849063813686371,0.03849063813686371,1.2089310884475708,0.8999999761581421,0.10000000149011612,29.76205062866211,12.0,13.073624610900879,5.727256774902344,1.9252876043319702,42.0,314.1592712402344,1.0
940,3.1322178840637207,-2.4922988414764404,21.3414306640625,3.1322178840637207,0.7614496946334839,0.07614497095346451,1.2099322080612183,0.8999999761581421,0.10000000149011612,29.76188850402832,12.0,13.074747085571289,5.099780559539795,1.925450086593628,42.0,314.1592712402344,1.0
941,3.1504745483398438,-2.5398125648498535,21.884674072265625,3.1504745483398438,1.1372356414794922,0.11372356116771698,1.2104343175888062,0.8999999761581421,0.10000000149011612,29.76187515258789,12.0,13.075858116149902,3.892300844192505,1.9256117343902588,42.0,314.1592712402344,1.0
942,3.1413462162017822,-2.465902328491211,20.934885025024414,3.1413462162017822,1.511899471282959,0.15118995308876038,1.2104475498199463,0.8999999761581421,0.10000000149011612,29.761951446533203,12.0,13.076983451843262,5.068918704986572,1.9257726669311523,42.0,314.1592712402344,1.0
943,3.2006804943084717,-2.5398125648498535,21.160480499267578,3.2006804943084717,1.8850853443145752,0.188508540391922,1.2098240852355957,0.8999999761581421,0.10000000149011612,29.761789321899414,12.0,13.078096389770508,4.298340797424316,1.9259310960769653,42.0,314.1592712402344,1.0
944,3.2143731117248535,-2.560929775238037,21.432693481445312,3.2143731117248535,2.256380319595337,0.2256380319595337,1.208589792251587,0.8999999761581421,0.10000000149011612,29.761747360229492,12.0,13.079193115234375,3.4613239765167236,1.9260879755020142,42.0,314.1592712402344,1.0
945,3.2006804943084717,-2.3972713947296143,21.47852325439453,3.2006804943084717,2.6255087852478027,0.26255089044570923,1.2067184448242188,0.8999999761581421,0.10000000149011612,29.761882781982422,12.0,13.080279350280762,2.9871020317077637,1.9262440204620361,42.0,314.1592712402344,1.0
946,3.173295497894287,-2.471181631088257,21.389232635498047,3.173295497894287,2.9919586181640625,0.2991958558559418,1.204272985458374,0.8999999761581421,0.10000000149011612,29.761810302734375,12.0,13.081357955932617,2.7135980129241943,1.9263994693756104,42.0,314.1592712402344,1.0
947,3.155038833618164,-2.455343723297119,20.98150634765625,3.155038833618164,3.355541706085205,0.33555418252944946,1.2011797428131104,0.8999999761581421,0.10000000149011612,29.761857986450195,12.0,13.082442283630371,2.908492088317871,1.9265538454055786,42.0,314.1592712402344,1.0
948,3.2280654907226562,-2.5398125648498535,21.659870147705078,3.2280654907226562,3.7157373428344727,0.3715737462043762,1.1971864700317383,0.8999999761581421,0.10000000149011612,29.761754989624023,12.0,13.083477973937988,1.4154081344604492,1.9267023801803589,42.0,314.1592712402344,1.0
949,3.123089551925659,-2.4447851181030273,21.20670509338379,3.123089551925659,4.0723185539245605,0.407231867313385,1.192735195159912,0.8999999761581421,0.10000000149011612,29.761592864990234,12.0,13.08452320098877,1.6731443405151367,1.9268542528152466,42.0,314.1592712402344,1.0
950,3.260014772415161,-2.471181631088257,21.659473419189453,3.260014772415161,4.424862861633301,0.4424862861633301,1.1870999336242676,0.8999999761581421,0.10000000149011612,29.761520385742188,12.0,13.08552360534668,0.5434663891792297,1.9269951581954956,42.0,314.1592712402344,1.0
951,3.2508864402770996,-2.4975781440734863,21.162059783935547,3.2508864402770996,4.773025035858154,0.4773024916648865,1.180689811706543,0.8999999761581421,0.10000000149011612,29.761627197265625,12.0,13.086536407470703,0.8405309319496155,1.9271340370178223,42.0,314.1592712402344,1.0
952,3.1778595447540283,-2.455343723297119,21.477340698242188,3.1778595447540283,5.116542816162109,0.511654257774353,1.1736563444137573,0.8999999761581421,0.10000000149011612,29.76149559020996,12.0,13.087506294250488,-0.08094795793294907,1.9272748231887817,42.0,314.1592712402344,1.0
953,3.1641671657562256,-2.523974657058716,21.52277374267578,3.1641671657562256,5.454901218414307,0.5454901456832886,1.165837287902832,0.8999999761581421,0.10000000149011612,29.761333465576172,12.0,13.088449478149414,-0.5897201895713806,1.9274131059646606,42.0,314.1592712402344,1.0
954,3.168731212615967,-2.4870195388793945,21.388050079345703,3.168731212615967,5.788037300109863,0.5788037180900574,1.1571094989776611,0.8999999761581421,0.10000000149011612,29.761350631713867,12.0,13.089378356933594,-0.8420079946517944,1.9275472164154053,42.0,314.1592712402344,1.0
955,3.1961162090301514,-2.5978848934173584,21.298362731933594,3.1961162090301514,6.115259170532227,0.6115258932113647,1.1474167108535767,0.8999999761581421,0.10000000149011612,29.76112937927246,12.0,13.090288162231445,-1.1663029193878174,1.9276751279830933,42.0,314.1592712402344,1.0
956,3.100268840789795,-2.465902328491211,21.11662483215332,3.100268840789795,6.436609268188477,0.6436609029769897,1.1371705532073975,0.8999999761581421,0.10000000149011612,29.761146545410156,12.0,13.091184616088867,-1.371118187904358,1.927807092666626,42.0,314.1592712402344,1.0
957,3.1641671657562256,-2.555650472640991,21.568603515625,3.1641671657562256,6.751499176025391,0.6751499176025391,1.1257522106170654,0.8999999761581421,0.10000000149011612,29.761133193969727,12.0,13.092009544372559,-2.4207468032836914,1.9279285669326782,42.0,314.1592712402344,1.0
958,3.1459105014801025,-2.4395058155059814,21.34300994873047,3.1459105014801025,7.059783935546875,0.7059783935546875,1.1134934425354004,0.8999999761581421,0.10000000149011612,29.760791778564453,12.0,13.092824935913086,-2.5487215518951416,1.9280468225479126,42.0,314.1592712402344,1.0
959,3.2189371585845947,-2.4289472103118896,21.52396011352539,3.2189371585845947,7.361112594604492,0.7361112833023071,1.0999832153320312,0.8999999761581421,0.10000000149011612,29.760719299316406,12.0,13.093589782714844,-3.2016613483428955,1.9281529188156128,42.0,314.1592712402344,1.0
960,3.2189371585845947,-2.460623025894165,21.161270141601562,3.2189371585845947,7.655106544494629,0.7655106782913208,1.0855522155761719,0.8999999761581421,0.10000000149011612,29.76064682006836,12.0,13.094358444213867,-3.1627142429351807,1.9282541275024414,42.0,314.1592712402344,1.0
961,3.136782169342041,-2.508136749267578,21.159690856933594,3.136782169342041,7.941697597503662,0.7941697835922241,1.0704975128173828,0.8999999761581421,0.10000000149011612,29.760515213012695,12.0,13.09508991241455,-3.578671932220459,1.9283589124679565,42.0,314.1592712402344,1.0
962,3.1413462162017822,-2.571488380432129,21.61404037475586,3.1413462162017822,8.220232963562012,0.8220232725143433,1.0544826984405518,0.8999999761581421,0.10000000149011612,29.760265350341797,12.0,13.095733642578125,-4.5119194984436035,1.928457498550415,42.0,314.1592712402344,1.0
963,3.1322178840637207,-2.4447851181030273,21.117021560668945,3.1322178840637207,8.490896224975586,0.8490896224975586,1.0375714302062988,0.8999999761581421,0.10000000149011612,29.760225296020508,12.0,13.096396446228027,-4.321503162384033,1.9285513162612915,42.0,314.1592712402344,1.0
964,3.1504745483398438,-2.5028574466705322,21.479312896728516,3.1504745483398438,8.752935409545898,0.8752935528755188,1.0196597576141357,0.8999999761581421,0.10000000149011612,29.759916305541992,12.0,13.096976280212402,-5.099999904632568,1.928636908531189,42.0,314.1592712402344,1.0
965,3.1824238300323486,-2.5450918674468994,21.117021560668945,3.1824238300323486,9.006516456604004,0.9006516337394714,1.00071120262146,0.8999999761581421,0.10000000149011612,29.759666442871094,12.0,13.097558975219727,-5.0700201988220215,1.9287124872207642,42.0,314.1592712402344,1.0
966,3.1824238300323486,-2.5873262882232666,21.52277374267578,3.1824238300323486,9.251113891601562,0.9251114130020142,0.9808470010757446,0.8999999761581421,0.10000000149011612,29.759536743164062,12.0,13.098048210144043,-5.837462902069092,1.9287821054458618,42.0,314.1592712402344,1.0
967,3.1641671657562256,-2.4975781440734863,21.20709991455078,3.1641671657562256,9.48660659790039,0.948660671710968,0.9601942896842957,0.8999999761581421,0.10000000149011612,29.759286880493164,12.0,13.098535537719727,-5.851093292236328,1.9288477897644043,42.0,314.1592712402344,1.0
968,3.223501443862915,-2.455343723297119,21.297969818115234,3.223501443862915,9.712808609008789,0.9712808728218079,0.938441812992096,0.8999999761581421,0.10000000149011612,29.759037017822266,12.0,13.098966598510742,-6.257819652557373,1.9288994073867798,42.0,314.1592712402344,1.0
969,3.1778595447540283,-2.5450918674468994,21.07158660888672,3.1778595447540283,9.929274559020996,0.9929274320602417,0.9160522222518921,0.8999999761581421,0.10000000149011612,29.758935928344727,12.0,13.099383354187012,-6.357577800750732,1.9289509057998657,42.0,314.1592712402344,1.0
970,3.136782169342041,-2.4922988414764404,21.204730987548828,3.136782169342041,10.13619613647461,1.0136196613311768,0.8929951190948486,0.8929951190948486,0.10700488090515137,29.758716583251953,12.0,13.099735260009766,-6.766602993011475,1.9290013313293457,42.0,314.1592712402344,1.0
971,3.1093971729278564,-2.4236679077148438,21.43427276611328,3.1093971729278564,10.332776069641113,1.0332776308059692,0.8692668676376343,0.8692668676376343,0.13073313236236572,29.758499145507812,12.0,13.10000991821289,-7.225748062133789,1.9290486574172974,42.0,314.1592712402344,1.0
972,2.753391742706299,-1.974927544593811,19.48768424987793,2.753391742706299,10.51945972442627,1.0519459247589111,0.8460890650749207,0.8460890650749207,0.15391093492507935,29.758310317993164,12.0,13.100510597229004,-5.982915878295898,1.9291385412216187,42.0,314.1592712402344,1.0
973,2.630159378051758,-1.8112691640853882,18.49364471435547,2.630159378051758,10.69552230834961,1.0695521831512451,0.8226324319839478,0.8226324319839478,0.17736756801605225,29.75815200805664,12.0,13.101093292236328,-5.567161560058594,1.9292360544204712,42.0,314.1592712402344,1.0
974,2.2832822799682617,-1.7584762573242188,17.224628448486328,2.2832822799682617,10.861186981201172,1.0861186981201172,0.7996160984039307,0.7996160984039307,0.20038390159606934,29.758052825927734,12.0,13.101792335510254,-5.019530296325684,1.929373025894165,42.0,314.1592712402344,1.0
975,2.0505096912384033,-1.5367456674575806,16.321460723876953,2.0505096912384033,11.016082763671875,1.1016082763671875,0.7766456604003906,0.7766456604003906,0.22335433959960938,29.758222579956055,12.0,13.102548599243164,-4.773063659667969,1.9295310974121094,42.0,314.1592712402344,1.0
976,1.9272770881652832,-1.3730872869491577,14.288347244262695,1.9272770881652832,11.160070419311523,1.1160070896148682,0.7534464597702026,0.7534464597702026,0.24655354022979736,29.758153915405273,12.0,13.103525161743164,-3.902350664138794,1.9296931028366089,42.0,314.1592712402344,1.0
977,1.7584028244018555,-1.0827258825302124,13.19791030883789,1.7584028244018555,11.293193817138672,1.129319429397583,0.730114758014679,0.730114758014679,0.26988524198532104,29.75814437866211,12.0,13.104570388793945,-3.6544883251190186,1.9298653602600098,42.0,314.1592712402344,1.0
978,1.6351702213287354,-0.9876984357833862,11.886222839355469,1.6351702213287354,11.414931297302246,1.1414930820465088,0.7065641283988953,0.7065641283988953,0.29343587160110474,29.758134841918945,12.0,13.105713844299316,-3.336615800857544,1.9300403594970703,42.0,314.1592712402344,1.0
979,1.2928575277328491,-0.718454122543335,10.484456062316895,1.2928575277328491,11.525738716125488,1.152573823928833,0.6832774877548218,0.6832774877548218,0.3167225122451782,29.75803565979004,12.0,13.106964111328125,-3.0285871028900146,1.9302512407302856,42.0,314.1592712402344,1.0
980,1.1604965925216675,-0.6128681302070618,9.714828491210938,1.1604965925216675,11.62476921081543,1.162476897239685,0.6597994565963745,0.6597994565963745,0.3402005434036255,29.758087158203125,12.0,13.108216285705566,-3.0211784839630127,1.9304640293121338,42.0,314.1592712402344,1.0
981,0.9231597781181335,-0.4280926585197449,7.544223785400391,0.9231597781181335,11.712639808654785,1.1712639331817627,0.6363511085510254,0.6363511085510254,0.3636488914489746,29.758197784423828,12.0,13.109686851501465,-2.533158540725708,1.930694580078125,42.0,314.1592712402344,1.0
982,0.7588496804237366,-0.2433171570301056,6.276392936706543,0.7588496804237366,11.788753509521484,1.1788753271102905,0.6128028035163879,0.6128028035163879,0.38719719648361206,29.758277893066406,12.0,13.111224174499512,-2.405690908432007,1.9309306144714355,42.0,314.1592712402344,1.0
983,0.5488978624343872,-0.1218932643532753,5.191088676452637,0.5488978624343872,11.853338241577148,1.1853338479995728,0.5892220735549927,0.5892220735549927,0.4107779264450073,29.75838851928711,12.0,13.11279582977295,-2.3517215251922607,1.9311789274215698,42.0,314.1592712402344,1.0
984,0.46217861771583557,0.11039593070745468,4.241697311401367,0.46217861771583557,11.906240463256836,1.1906239986419678,0.5654860734939575,0.5654860734939575,0.4345139265060425,29.758678436279297,12.0,13.114377975463867,-2.3389151096343994,1.9314193725585938,42.0,314.1592712402344,1.0
985,0.32525351643562317,0.19486472010612488,2.707180976867676,0.32525351643562317,11.947282791137695,1.1947282552719116,0.5416804552078247,0.5416804552078247,0.4583195447921753,29.758699417114258,12.0,13.116061210632324,-2.2436304092407227,1.9316601753234863,42.0,314.1592712402344,1.0
986,0.22484178841114044,0.33740583062171936,1.5728883743286133,0.22484178841114044,11.976764678955078,1.197676420211792,0.5178059339523315,0.5178059339523315,0.48219406604766846,29.75881004333496,12.0,13.117775917053223,-2.223371744155884,1.93189537525177,42.0,314.1592712402344,1.0
987,0.15181507170200348,0.32156792283058167,1.0308294296264648,0.15181507170200348,11.994101524353027,1.1994102001190186,0.49389129877090454,0.49389129877090454,0.5061087012290955,29.759126663208008,12.0,13.119426727294922,-2.2429916858673096,1.9321208000183105,42.0,314.1592712402344,1.0
988,-0.012495040893554688,0.6119294166564941,-0.009827613830566406,-0.012495040893554688,11.999950408935547,1.1999950408935547,0.4699794352054596,0.4699794352054596,0.5300205945968628,29.75908660888672,12.0,13.121094703674316,-2.242924928665161,1.9323514699935913,42.0,314.1592712402344,1.0
989,-0.13116344809532166,0.6647223830223083,-0.6443357467651367,-0.13116344809532166,11.993610382080078,1.1993610858917236,0.4461013376712799,0.4461013376712799,0.5538986921310425,29.759164810180664,12.0,13.12271499633789,-2.2273812294006348,1.9325798749923706,42.0,314.1592712402344,1.0
990,-0.3000377416610718,0.7544705271720886,-2.0453128814697266,-0.3000377416610718,11.975686073303223,1.197568655014038,0.42225974798202515,0.42225974798202515,0.5777402520179749,29.75939178466797,12.0,13.124411582946777,-2.275529146194458,1.9328140020370483,42.0,314.1592712402344,1.0
991,-0.4552195072174072,0.8283807039260864,-2.725255012512207,-0.4552195072174072,11.945813179016113,1.1945812702178955,0.39848753809928894,0.39848753809928894,0.6015124320983887,29.759380340576172,12.0,13.126065254211426,-2.2351458072662354,1.933051347732544,42.0,314.1592712402344,1.0
992,-0.6971204876899719,1.087066411972046,-3.629213333129883,-0.6971204876899719,11.904186248779297,1.1904186010360718,0.37471848726272583,0.37471848726272583,0.6252815127372742,29.759368896484375,12.0,13.127714157104492,-2.229213237762451,1.9333056211471558,42.0,314.1592712402344,1.0
993,-0.8796873092651367,1.4038243293762207,-5.167285919189453,-0.8796873092651367,11.850896835327148,1.1850897073745728,0.3510313034057617,0.3510313034057617,0.6489686965942383,29.759626388549805,12.0,13.1294584274292,-2.3810811042785645,1.9335665702819824,42.0,314.1592712402344,1.0
994,-1.0439974069595337,1.5199689865112305,-6.7037763595581055,-1.0439974069595337,11.785730361938477,1.1785730123519897,0.32746344804763794,0.32746344804763794,0.6725365519523621,29.759645462036133,12.0,13.131293296813965,-2.5542004108428955,1.9338310956954956,42.0,314.1592712402344,1.0
995,-1.3497967720031738,1.6308342218399048,-8.017438888549805,-1.3497967720031738,11.709232330322266,1.1709232330322266,0.30381038784980774,0.30381038784980774,0.6961896419525146,29.759695053100586,12.0,13.133179664611816,-2.669182300567627,1.934121012687683,42.0,314.1592712402344,1.0
996,-1.4958502054214478,1.826168417930603,-8.967620849609375,-1.4958502054214478,11.620789527893066,1.1620789766311646,0.2803860306739807,0.2803860306739807,0.7196139693260193,29.75974464416504,12.0,13.135058403015137,-2.6512978076934814,1.9344103336334229,42.0,314.1592712402344,1.0
997,-1.742315411567688,2.0954127311706543,-10.685062408447266,-1.742315411567688,11.521217346191406,1.1521217823028564,0.25699228048324585,0.25699228048324585,0.7430077195167542,29.759614944458008,12.0,13.13704776763916,-2.9760046005249023,1.934714674949646,42.0,314.1592712402344,1.0
998,-1.8427271842956543,2.2326743602752686,-11.726903915405273,-1.8427271842956543,11.410009384155273,1.1410009860992432,0.23400169610977173,0.23400169610977173,0.7659983038902283,29.759544372558594,12.0,13.13904094696045,-2.9879884719848633,1.9350111484527588,42.0,314.1592712402344,1.0
999,-2.0389864444732666,2.364656925201416,-13.310806274414062,-2.0389864444732666,11.287715911865234,1.1287715435028076,0.21118596196174622,0.21118596196174622,0.7888140678405762,29.759593963623047,12.0,13.141119956970215,-3.297182559967041,1.9353147745132446,42.0,314.1592712402344,1.0
1000,-2.2763233184814453,2.5547118186950684,-14.35185718536377,-2.2763233184814453,11.15422534942627,1.1154224872589111,0.18847084045410156,0.18847084045410156,0.8115291595458984,29.759553909301758,12.0,13.143200874328613,-3.3027782440185547,1.935631275177002,42.0,314.1592712402344,1.0
1001,-2.481710910797119,2.723649263381958,-15.52684497833252,-2.481710910797119,11.00969409942627,1.1009694337844849,0.16596421599388123,0.16596421599388123,0.8340357542037964,29.759244918823242,12.0,13.145303726196289,-3.399263620376587,1.9359556436538696,42.0,314.1592712402344,1.0
1002,-2.719047784805298,2.977055788040161,-17.517684936523438,-2.719047784805298,10.854440689086914,1.0854440927505493,0.1435861587524414,0.1435861587524414,0.8564138412475586,29.759233474731445,12.0,13.14754581451416,-4.058154582977295,1.936292052268982,42.0,314.1592712402344,1.0
1003,-2.828587770462036,3.124876022338867,-18.465103149414062,-2.828587770462036,10.688247680664062,1.0688247680664062,0.12178850173950195,0.12178850173950195,0.878211498260498,29.759014129638672,12.0,13.149772644042969,-3.9792802333831787,1.936621904373169,42.0,314.1592712402344,1.0
1004,-3.0111546516418457,3.3096516132354736,-20.051769256591797,-3.0111546516418457,10.511815071105957,1.0511815547943115,0.10034286975860596,0.10034286975860596,0.899657130241394,29.758705139160156,12.0,13.15207576751709,-4.399828910827637,1.9369560480117798,42.0,314.1592712402344,1.0
1005,-3.1435155868530273,3.54721999168396,-20.728946685791016,-3.1435155868530273,10.3246431350708,1.0324642658233643,0.07945957779884338,0.10000000149011612,0.8999999761581421,29.75845718383789,12.0,13.154327392578125,-4.095489978790283,1.93728768825531,42.0,314.1592712402344,1.0
1006,-2.997462034225464,3.4680306911468506,-21.22438621520996,-2.997462034225464,10.12756061553955,1.012756109237671,0.06016850471496582,0.10000000149011612,0.8999999761581421,29.7581787109375,12.0,13.15650749206543,-3.6481850147247314,1.937579870223999,42.0,314.1592712402344,1.0
1007,-2.979205369949341,3.441634178161621,-21.404939651489258,-2.979205369949341,9.92031192779541,0.9920312166213989,0.04194372892379761,0.10000000149011612,0.8999999761581421,29.75790023803711,12.0,13.15858268737793,-2.9341297149658203,1.937852382659912,42.0,314.1592712402344,1.0
1008,-3.102437973022461,3.28853440284729,-20.996421813964844,-3.102437973022461,9.703364372253418,0.9703364372253418,0.024255752563476562,0.10000000149011612,0.8999999761581421,29.75777244567871,12.0,13.160487174987793,-1.6882885694503784,1.9381252527236938,42.0,314.1592712402344,1.0
1009,-3.152643918991089,3.246299982070923,-20.996421813964844,-3.152643918991089,9.476850509643555,0.9476850628852844,0.007375359535217285,0.10000000149011612,0.8999999761581421,29.75749397277832,12.0,13.162285804748535,-0.8693432807922363,1.938389539718628,42.0,314.1592712402344,1.0
1010,-3.134387254714966,3.3043723106384277,-20.90713119506836,-3.134387254714966,9.240897178649902,0.9240897297859192,-0.008461356163024902,0.10000000149011612,0.8999999761581421,29.757186889648438,12.0,13.16397762298584,0.012409288436174393,1.9386378526687622,42.0,314.1592712402344,1.0
1011,-3.0202829837799072,3.3254895210266113,-20.996421813964844,-3.0202829837799072,8.996002197265625,0.8996002078056335,-0.022911667823791504,0.10000000149011612,0.8999999761581421,29.756908416748047,12.0,13.165594100952148,0.673688530921936,1.9388601779937744,42.0,314.1592712402344,1.0
1012,-2.9609487056732178,3.235741376876831,-20.5408878326416,-2.9609487056732178,8.741983413696289,0.874198317527771,-0.036287784576416016,0.10000000149011612,0.8999999761581421,29.756511688232422,12.0,13.16707992553711,1.8968721628189087,1.9390653371810913,42.0,314.1592712402344,1.0
1013,-3.065924644470215,3.346606731414795,-21.494625091552734,-3.065924644470215,8.479593276977539,0.8479593396186829,-0.0493205189704895,0.10000000149011612,0.8999999761581421,29.756235122680664,12.0,13.168606758117676,1.487835168838501,1.939273476600647,42.0,314.1592712402344,1.0
1014,-3.102437973022461,3.336048126220703,-21.04383087158203,-3.102437973022461,8.208588600158691,0.8208588361740112,-0.06170088052749634,0.10000000149011612,0.8999999761581421,29.7561092376709,12.0,13.170021057128906,2.693363904953003,1.9394772052764893,42.0,314.1592712402344,1.0
1015,-3.065924644470215,3.246299982070923,-20.90397071838379,-3.065924644470215,7.929656982421875,0.7929657101631165,-0.07317841053009033,0.10000000149011612,0.8999999761581421,29.755773544311523,12.0,13.171366691589355,3.4753005504608154,1.9396696090698242,42.0,314.1592712402344,1.0
1016,-3.102437973022461,3.446913480758667,-21.450374603271484,-3.102437973022461,7.642812252044678,0.7642812132835388,-0.08412635326385498,0.10000000149011612,0.8999999761581421,29.755468368530273,12.0,13.172720909118652,3.3696935176849365,1.9398592710494995,42.0,314.1592712402344,1.0
1017,-2.9883337020874023,3.341327428817749,-20.815471649169922,-2.9883337020874023,7.348450183868408,0.7348450422286987,-0.09395986795425415,0.10000000149011612,0.8999999761581421,29.755104064941406,12.0,13.173970222473145,4.724801540374756,1.9400321245193481,42.0,314.1592712402344,1.0
1018,-3.084181308746338,3.3624446392059326,-21.041460037231445,-3.084181308746338,7.046886444091797,0.7046886682510376,-0.10357987880706787,0.10000000149011612,0.8999999761581421,29.75476837158203,12.0,13.17520523071289,4.905032157897949,1.9402095079421997,42.0,314.1592712402344,1.0
1019,-3.0294113159179688,3.3677239418029785,-20.77082633972168,-3.0294113159179688,6.738262176513672,0.6738262176513672,-0.11243301630020142,0.10000000149011612,0.8999999761581421,29.754405975341797,12.0,13.176385879516602,5.703757286071777,1.9403780698776245,42.0,314.1592712402344,1.0
1020,-3.0431036949157715,3.4257962703704834,-21.22319984436035,-3.0431036949157715,6.423155784606934,0.6423155665397644,-0.1208198070526123,0.10000000149011612,0.8999999761581421,29.754192352294922,12.0,13.177580833435059,5.474944114685059,1.940544605255127,42.0,314.1592712402344,1.0
1021,-3.0431036949157715,3.346606731414795,-21.225175857543945,-3.0431036949157715,6.101498603820801,0.6101498603820801,-0.1287497878074646,0.10000000149011612,0.8999999761581421,29.753679275512695,12.0,13.178754806518555,5.837831497192383,1.9407085180282593,42.0,314.1592712402344,1.0
1022,-3.1161305904388428,3.341327428817749,-21.088476181030273,-3.1161305904388428,5.773998737335205,0.5773998498916626,-0.13644379377365112,0.10000000149011612,0.8999999761581421,29.753286361694336,12.0,13.179900169372559,6.348677158355713,1.9408760070800781,42.0,314.1592712402344,1.0
1023,-3.0978739261627197,3.4205169677734375,-21.087291717529297,-3.0978739261627197,5.440667629241943,0.5440667867660522,-0.1436290740966797,0.10000000149011612,0.8999999761581421,29.75307273864746,12.0,13.181032180786133,6.615729331970215,1.941040277481079,42.0,314.1592712402344,1.0
